property_code,booking_ref,stay_status,checkin,checkout,stay_night,room_code,currency,room_gross_eur,room_vat_eur,board_gross_eur
2050,NB40001,OUT,28.06.2026,30.06.2026,28.06.2026,SUP,EUR,209.00,19.00,25.08
2050,NB40001,OUT,28.06.2026,30.06.2026,29.06.2026,SUP,EUR,209.00,19.00,25.08
2050,NB40002,CXL,03.04.2026,04.04.2026,03.04.2026,OLD,EUR,150.00,13.64,18.00
2050,NB40004,CXL,02.05.2026,04.05.2026,02.05.2026,STE,EUR,326.00,29.64,39.12
2050,NB40004,CXL,02.05.2026,04.05.2026,03.05.2026,STE,EUR,326.00,29.64,39.12
2050,NB40006,OUT,02.04.2026,04.04.2026,02.04.2026,STD,EUR,130.00,11.82,15.60
2050,NB40006,OUT,02.04.2026,04.04.2026,03.04.2026,STD,EUR,130.00,11.82,15.60
2050,NB40007,OUT,30.05.2026,06.06.2026,01.06.2026,SUP,EUR,158.00,14.36,18.96
2050,NB40007,OUT,30.05.2026,06.06.2026,02.06.2026,SUP,EUR,158.00,14.36,18.96
2050,NB40007,OUT,30.05.2026,06.06.2026,03.06.2026,SUP,EUR,158.00,14.36,18.96
2050,NB40007,OUT,30.05.2026,06.06.2026,04.06.2026,SUP,EUR,158.00,14.36,18.96
2050,NB40007,OUT,30.05.2026,06.06.2026,05.06.2026,SUP,EUR,158.00,14.36,18.96
2050,NB40007,OUT,30.05.2026,06.06.2026,30.05.2026,SUP,EUR,158.00,14.36,18.96
2050,NB40007,OUT,30.05.2026,06.06.2026,31.05.2026,SUP,EUR,158.00,14.36,18.96
2050,NB40010,OK,21.05.2026,23.05.2026,21.05.2026,SUP,EUR,186.00,16.91,22.32
2050,NB40010,OK,21.05.2026,23.05.2026,22.05.2026,SUP,EUR,186.00,16.91,22.32
2050,NB40013,OK,27.06.2026,04.07.2026,01.07.2026,SUP,EUR,215.00,19.55,25.80
2050,NB40013,OK,27.06.2026,04.07.2026,02.07.2026,SUP,EUR,215.00,19.55,25.80
2050,NB40013,OK,27.06.2026,04.07.2026,03.07.2026,SUP,EUR,215.00,19.55,25.80
2050,NB40013,OK,27.06.2026,04.07.2026,27.06.2026,SUP,EUR,215.00,19.55,25.80
2050,NB40013,OK,27.06.2026,04.07.2026,28.06.2026,SUP,EUR,215.00,19.55,25.80
2050,NB40013,OK,27.06.2026,04.07.2026,29.06.2026,SUP,EUR,215.00,19.55,25.80
2050,NB40013,OK,27.06.2026,04.07.2026,30.06.2026,SUP,EUR,215.00,19.55,25.80
2050,NB40015,OK,29.05.2026,31.05.2026,29.05.2026,SUP,EUR,213.00,19.36,25.56
2050,NB40015,OK,29.05.2026,31.05.2026,30.05.2026,SUP,EUR,213.00,19.36,25.56
2050,NB40016,OUT,06.05.2026,08.05.2026,06.05.2026,SUP,EUR,194.00,17.64,23.28
2050,NB40016,OUT,06.05.2026,08.05.2026,07.05.2026,SUP,EUR,194.00,17.64,23.28
2050,NB40017,NOSHOW,30.05.2026,02.06.2026,01.06.2026,STE,EUR,291.00,26.45,34.92
2050,NB40017,NOSHOW,30.05.2026,02.06.2026,30.05.2026,STE,EUR,291.00,26.45,34.92
2050,NB40017,NOSHOW,30.05.2026,02.06.2026,31.05.2026,STE,EUR,291.00,26.45,34.92
2050,NB40019,OK,02.06.2026,05.06.2026,02.06.2026,SUP,EUR,181.00,16.45,21.72
2050,NB40019,OK,02.06.2026,05.06.2026,03.06.2026,SUP,EUR,181.00,16.45,21.72
2050,NB40019,OK,02.06.2026,05.06.2026,04.06.2026,SUP,EUR,181.00,16.45,21.72
2050,NB40020,OUT,09.04.2026,12.04.2026,09.04.2026,STD,EUR,112.00,10.18,13.44
2050,NB40020,OUT,09.04.2026,12.04.2026,10.04.2026,STD,EUR,112.00,10.18,13.44
2050,NB40020,OUT,09.04.2026,12.04.2026,11.04.2026,STD,EUR,112.00,10.18,13.44
2050,NB40023,CXL,30.05.2026,03.06.2026,01.06.2026,SUP,EUR,222.00,20.18,26.64
2050,NB40023,CXL,30.05.2026,03.06.2026,02.06.2026,SUP,EUR,222.00,20.18,26.64
2050,NB40023,CXL,30.05.2026,03.06.2026,30.05.2026,SUP,EUR,222.00,20.18,26.64
2050,NB40023,CXL,30.05.2026,03.06.2026,31.05.2026,SUP,EUR,222.00,20.18,26.64
2050,NB40025,OK,04.04.2026,05.04.2026,04.04.2026,SUP,EUR,219.00,19.91,26.28
2050,NB40028,OUT,27.04.2026,28.04.2026,27.04.2026,STE,EUR,346.00,31.45,41.52
2050,NB40031,OK,25.06.2026,26.06.2026,25.06.2026,OLD,EUR,150.00,13.64,18.00
2050,NB40033,OUT,02.04.2026,05.04.2026,02.04.2026,SUP,EUR,226.00,20.55,27.12
2050,NB40033,OUT,02.04.2026,05.04.2026,03.04.2026,SUP,EUR,226.00,20.55,27.12
2050,NB40033,OUT,02.04.2026,05.04.2026,04.04.2026,SUP,EUR,226.00,20.55,27.12
2050,NB40035,OUT,03.06.2026,10.06.2026,03.06.2026,SUP,EUR,209.00,19.00,25.08
2050,NB40035,OUT,03.06.2026,10.06.2026,04.06.2026,SUP,EUR,209.00,19.00,25.08
2050,NB40035,OUT,03.06.2026,10.06.2026,05.06.2026,SUP,EUR,209.00,19.00,25.08
2050,NB40035,OUT,03.06.2026,10.06.2026,06.06.2026,SUP,EUR,209.00,19.00,25.08
2050,NB40035,OUT,03.06.2026,10.06.2026,07.06.2026,SUP,EUR,209.00,19.00,25.08
2050,NB40035,OUT,03.06.2026,10.06.2026,08.06.2026,SUP,EUR,209.00,19.00,25.08
2050,NB40035,OUT,03.06.2026,10.06.2026,09.06.2026,SUP,EUR,209.00,19.00,25.08
2050,NB40037,OK,13.06.2026,15.06.2026,13.06.2026,SUP,EUR,228.00,20.73,27.36
2050,NB40037,OK,13.06.2026,15.06.2026,14.06.2026,SUP,EUR,228.00,20.73,27.36
2050,NB40038,CXL,14.05.2026,17.05.2026,14.05.2026,OLD,EUR,150.00,13.64,18.00
2050,NB40038,CXL,14.05.2026,17.05.2026,15.05.2026,OLD,EUR,150.00,13.64,18.00
2050,NB40038,CXL,14.05.2026,17.05.2026,16.05.2026,OLD,EUR,150.00,13.64,18.00
2050,NB40041,OUT,10.05.2026,11.05.2026,10.05.2026,SUP,EUR,194.00,17.64,23.28
2050,NB40043,OUT,25.06.2026,02.07.2026,01.07.2026,OLD,EUR,150.00,13.64,18.00
2050,NB40043,OUT,25.06.2026,02.07.2026,25.06.2026,OLD,EUR,150.00,13.64,18.00
2050,NB40043,OUT,25.06.2026,02.07.2026,26.06.2026,OLD,EUR,150.00,13.64,18.00
2050,NB40043,OUT,25.06.2026,02.07.2026,27.06.2026,OLD,EUR,150.00,13.64,18.00
2050,NB40043,OUT,25.06.2026,02.07.2026,28.06.2026,OLD,EUR,150.00,13.64,18.00
2050,NB40043,OUT,25.06.2026,02.07.2026,29.06.2026,OLD,EUR,150.00,13.64,18.00
2050,NB40043,OUT,25.06.2026,02.07.2026,30.06.2026,OLD,EUR,150.00,13.64,18.00
2050,NB40044,OUT,27.04.2026,28.04.2026,27.04.2026,SUP,EUR,211.00,19.18,25.32
2050,NB40046,OK,23.05.2026,30.05.2026,23.05.2026,OLD,EUR,150.00,13.64,18.00
2050,NB40046,OK,23.05.2026,30.05.2026,24.05.2026,OLD,EUR,150.00,13.64,18.00
2050,NB40046,OK,23.05.2026,30.05.2026,25.05.2026,OLD,EUR,150.00,13.64,18.00
2050,NB40046,OK,23.05.2026,30.05.2026,26.05.2026,OLD,EUR,150.00,13.64,18.00
2050,NB40046,OK,23.05.2026,30.05.2026,27.05.2026,OLD,EUR,150.00,13.64,18.00
2050,NB40046,OK,23.05.2026,30.05.2026,28.05.2026,OLD,EUR,150.00,13.64,18.00
2050,NB40046,OK,23.05.2026,30.05.2026,29.05.2026,OLD,EUR,150.00,13.64,18.00
2050,NB40047,NOSHOW,05.06.2026,07.06.2026,05.06.2026,SUP,EUR,201.00,18.27,24.12
2050,NB40047,NOSHOW,05.06.2026,07.06.2026,06.06.2026,SUP,EUR,201.00,18.27,24.12
2050,NB40050,OK,07.06.2026,11.06.2026,07.06.2026,STE,EUR,362.00,32.91,43.44
2050,NB40050,OK,07.06.2026,11.06.2026,08.06.2026,STE,EUR,362.00,32.91,43.44
2050,NB40050,OK,07.06.2026,11.06.2026,09.06.2026,STE,EUR,362.00,32.91,43.44
2050,NB40050,OK,07.06.2026,11.06.2026,10.06.2026,STE,EUR,362.00,32.91,43.44
2050,NB40052,OUT,27.04.2026,28.04.2026,27.04.2026,SUP,EUR,167.00,15.18,20.04
2050,NB40053,OUT,19.06.2026,20.06.2026,19.06.2026,STD,EUR,168.00,15.27,20.16
2050,NB40056,NOSHOW,23.04.2026,27.04.2026,23.04.2026,OLD,EUR,150.00,13.64,18.00
2050,NB40056,NOSHOW,23.04.2026,27.04.2026,24.04.2026,OLD,EUR,150.00,13.64,18.00
2050,NB40056,NOSHOW,23.04.2026,27.04.2026,25.04.2026,OLD,EUR,150.00,13.64,18.00
2050,NB40056,NOSHOW,23.04.2026,27.04.2026,26.04.2026,OLD,EUR,150.00,13.64,18.00
2050,NB40057,OUT,25.05.2026,29.05.2026,25.05.2026,STE,EUR,342.00,31.09,41.04
2050,NB40057,OUT,25.05.2026,29.05.2026,26.05.2026,STE,EUR,342.00,31.09,41.04
2050,NB40057,OUT,25.05.2026,29.05.2026,27.05.2026,STE,EUR,342.00,31.09,41.04
2050,NB40057,OUT,25.05.2026,29.05.2026,28.05.2026,STE,EUR,342.00,31.09,41.04
2050,NB40058,OK,08.04.2026,09.04.2026,08.04.2026,SUP,EUR,165.00,15.00,19.80
2050,NB40061,OUT,22.04.2026,23.04.2026,22.04.2026,OLD,EUR,150.00,13.64,18.00
2050,NB40062,OUT,13.04.2026,20.04.2026,13.04.2026,STE,EUR,384.00,34.91,46.08
2050,NB40062,OUT,13.04.2026,20.04.2026,14.04.2026,STE,EUR,384.00,34.91,46.08
2050,NB40062,OUT,13.04.2026,20.04.2026,15.04.2026,STE,EUR,384.00,34.91,46.08
2050,NB40062,OUT,13.04.2026,20.04.2026,16.04.2026,STE,EUR,384.00,34.91,46.08
2050,NB40062,OUT,13.04.2026,20.04.2026,17.04.2026,STE,EUR,384.00,34.91,46.08
2050,NB40062,OUT,13.04.2026,20.04.2026,18.04.2026,STE,EUR,384.00,34.91,46.08
2050,NB40062,OUT,13.04.2026,20.04.2026,19.04.2026,STE,EUR,384.00,34.91,46.08
2050,NB40064,OUT,25.04.2026,29.04.2026,25.04.2026,OLD,EUR,150.00,13.64,18.00
2050,NB40064,OUT,25.04.2026,29.04.2026,26.04.2026,OLD,EUR,150.00,13.64,18.00
2050,NB40064,OUT,25.04.2026,29.04.2026,27.04.2026,OLD,EUR,150.00,13.64,18.00
2050,NB40064,OUT,25.04.2026,29.04.2026,28.04.2026,OLD,EUR,150.00,13.64,18.00
2050,NB40067,OUT,11.04.2026,13.04.2026,11.04.2026,STD,EUR,168.00,15.27,20.16
2050,NB40067,OUT,11.04.2026,13.04.2026,12.04.2026,STD,EUR,168.00,15.27,20.16
2050,NB40069,OK,08.06.2026,12.06.2026,08.06.2026,STD,EUR,125.00,11.36,15.00
2050,NB40069,OK,08.06.2026,12.06.2026,09.06.2026,STD,EUR,125.00,11.36,15.00
2050,NB40069,OK,08.06.2026,12.06.2026,10.06.2026,STD,EUR,125.00,11.36,15.00
2050,NB40069,OK,08.06.2026,12.06.2026,11.06.2026,STD,EUR,125.00,11.36,15.00
2050,NB40072,OK,25.05.2026,27.05.2026,25.05.2026,SUP,EUR,169.00,15.36,20.28
2050,NB40072,OK,25.05.2026,27.05.2026,26.05.2026,SUP,EUR,169.00,15.36,20.28
2050,NB40075,OUT,06.06.2026,10.06.2026,06.06.2026,STD,EUR,155.00,14.09,18.60
2050,NB40075,OUT,06.06.2026,10.06.2026,07.06.2026,STD,EUR,155.00,14.09,18.60
2050,NB40075,OUT,06.06.2026,10.06.2026,08.06.2026,STD,EUR,155.00,14.09,18.60
2050,NB40075,OUT,06.06.2026,10.06.2026,09.06.2026,STD,EUR,155.00,14.09,18.60
2050,NB40077,OK,03.04.2026,05.04.2026,03.04.2026,STD,EUR,161.00,14.64,19.32
2050,NB40077,OK,03.04.2026,05.04.2026,04.04.2026,STD,EUR,161.00,14.64,19.32
2050,NB40078,OUT,11.06.2026,14.06.2026,11.06.2026,STE,EUR,365.00,33.18,43.80
2050,NB40078,OUT,11.06.2026,14.06.2026,12.06.2026,STE,EUR,365.00,33.18,43.80
2050,NB40078,OUT,11.06.2026,14.06.2026,13.06.2026,STE,EUR,365.00,33.18,43.80
2050,NB40081,OUT,06.05.2026,08.05.2026,06.05.2026,STD,EUR,115.00,10.45,13.80
2050,NB40081,OUT,06.05.2026,08.05.2026,07.05.2026,STD,EUR,115.00,10.45,13.80
2050,NB40083,CXL,17.06.2026,19.06.2026,17.06.2026,OLD,EUR,150.00,13.64,18.00
2050,NB40083,CXL,17.06.2026,19.06.2026,18.06.2026,OLD,EUR,150.00,13.64,18.00
2050,NB40085,OUT,27.04.2026,29.04.2026,27.04.2026,OLD,EUR,150.00,13.64,18.00
2050,NB40085,OUT,27.04.2026,29.04.2026,28.04.2026,OLD,EUR,150.00,13.64,18.00
2050,NB40088,OUT,20.06.2026,27.06.2026,20.06.2026,SUP,EUR,190.00,17.27,22.80
2050,NB40088,OUT,20.06.2026,27.06.2026,21.06.2026,SUP,EUR,190.00,17.27,22.80
2050,NB40088,OUT,20.06.2026,27.06.2026,22.06.2026,SUP,EUR,190.00,17.27,22.80
2050,NB40088,OUT,20.06.2026,27.06.2026,23.06.2026,SUP,EUR,190.00,17.27,22.80
2050,NB40088,OUT,20.06.2026,27.06.2026,24.06.2026,SUP,EUR,190.00,17.27,22.80
2050,NB40088,OUT,20.06.2026,27.06.2026,25.06.2026,SUP,EUR,190.00,17.27,22.80
2050,NB40088,OUT,20.06.2026,27.06.2026,26.06.2026,SUP,EUR,190.00,17.27,22.80
2050,NB40091,CXL,07.04.2026,09.04.2026,07.04.2026,OLD,EUR,150.00,13.64,18.00
2050,NB40091,CXL,07.04.2026,09.04.2026,08.04.2026,OLD,EUR,150.00,13.64,18.00
2050,NB40093,OUT,05.05.2026,08.05.2026,05.05.2026,STE,EUR,275.00,25.00,33.00
2050,NB40093,OUT,05.05.2026,08.05.2026,06.05.2026,STE,EUR,275.00,25.00,33.00
2050,NB40093,OUT,05.05.2026,08.05.2026,07.05.2026,STE,EUR,275.00,25.00,33.00
2050,NB40096,NOSHOW,22.05.2026,23.05.2026,22.05.2026,SUP,EUR,194.00,17.64,23.28
2050,NB40097,OK,14.06.2026,21.06.2026,14.06.2026,OLD,EUR,150.00,13.64,18.00
2050,NB40097,OK,14.06.2026,21.06.2026,15.06.2026,OLD,EUR,150.00,13.64,18.00
2050,NB40097,OK,14.06.2026,21.06.2026,16.06.2026,OLD,EUR,150.00,13.64,18.00
2050,NB40097,OK,14.06.2026,21.06.2026,17.06.2026,OLD,EUR,150.00,13.64,18.00
2050,NB40097,OK,14.06.2026,21.06.2026,18.06.2026,OLD,EUR,150.00,13.64,18.00
2050,NB40097,OK,14.06.2026,21.06.2026,19.06.2026,OLD,EUR,150.00,13.64,18.00
2050,NB40097,OK,14.06.2026,21.06.2026,20.06.2026,OLD,EUR,150.00,13.64,18.00
2050,NB40098,OUT,18.06.2026,22.06.2026,18.06.2026,STE,EUR,310.00,28.18,37.20
2050,NB40098,OUT,18.06.2026,22.06.2026,19.06.2026,STE,EUR,310.00,28.18,37.20
2050,NB40098,OUT,18.06.2026,22.06.2026,20.06.2026,STE,EUR,310.00,28.18,37.20
2050,NB40098,OUT,18.06.2026,22.06.2026,21.06.2026,STE,EUR,310.00,28.18,37.20
2050,NB40101,OK,02.05.2026,09.05.2026,02.05.2026,STE,EUR,362.00,32.91,43.44
2050,NB40101,OK,02.05.2026,09.05.2026,03.05.2026,STE,EUR,362.00,32.91,43.44
2050,NB40101,OK,02.05.2026,09.05.2026,04.05.2026,STE,EUR,362.00,32.91,43.44
2050,NB40101,OK,02.05.2026,09.05.2026,05.05.2026,STE,EUR,362.00,32.91,43.44
2050,NB40101,OK,02.05.2026,09.05.2026,06.05.2026,STE,EUR,362.00,32.91,43.44
2050,NB40101,OK,02.05.2026,09.05.2026,07.05.2026,STE,EUR,362.00,32.91,43.44
2050,NB40101,OK,02.05.2026,09.05.2026,08.05.2026,STE,EUR,362.00,32.91,43.44
2050,NB40103,OUT,22.06.2026,23.06.2026,22.06.2026,STD,EUR,154.00,14.00,18.48
2050,NB40105,CXL,08.06.2026,09.06.2026,08.06.2026,OLD,EUR,150.00,13.64,18.00
2050,NB40108,NOSHOW,24.04.2026,01.05.2026,24.04.2026,STD,EUR,144.00,13.09,17.28
2050,NB40108,NOSHOW,24.04.2026,01.05.2026,25.04.2026,STD,EUR,144.00,13.09,17.28
2050,NB40108,NOSHOW,24.04.2026,01.05.2026,26.04.2026,STD,EUR,144.00,13.09,17.28
2050,NB40108,NOSHOW,24.04.2026,01.05.2026,27.04.2026,STD,EUR,144.00,13.09,17.28
2050,NB40108,NOSHOW,24.04.2026,01.05.2026,28.04.2026,STD,EUR,144.00,13.09,17.28
2050,NB40108,NOSHOW,24.04.2026,01.05.2026,29.04.2026,STD,EUR,144.00,13.09,17.28
2050,NB40108,NOSHOW,24.04.2026,01.05.2026,30.04.2026,STD,EUR,144.00,13.09,17.28
2050,NB40109,OUT,07.04.2026,10.04.2026,07.04.2026,OLD,EUR,150.00,13.64,18.00
2050,NB40109,OUT,07.04.2026,10.04.2026,08.04.2026,OLD,EUR,150.00,13.64,18.00
2050,NB40109,OUT,07.04.2026,10.04.2026,09.04.2026,OLD,EUR,150.00,13.64,18.00
2050,NB40110,NOSHOW,18.05.2026,20.05.2026,18.05.2026,STD,EUR,139.00,12.64,16.68
2050,NB40110,NOSHOW,18.05.2026,20.05.2026,19.05.2026,STD,EUR,139.00,12.64,16.68
2050,NB40112,OK,25.06.2026,27.06.2026,25.06.2026,SUP,EUR,152.00,13.82,18.24
2050,NB40112,OK,25.06.2026,27.06.2026,26.06.2026,SUP,EUR,152.00,13.82,18.24
2050,NB40113,OUT,14.05.2026,18.05.2026,14.05.2026,SUP,EUR,196.00,17.82,23.52
2050,NB40113,OUT,14.05.2026,18.05.2026,15.05.2026,SUP,EUR,196.00,17.82,23.52
2050,NB40113,OUT,14.05.2026,18.05.2026,16.05.2026,SUP,EUR,196.00,17.82,23.52
2050,NB40113,OUT,14.05.2026,18.05.2026,17.05.2026,SUP,EUR,196.00,17.82,23.52
2050,NB40116,OUT,06.06.2026,08.06.2026,06.06.2026,STE,EUR,333.00,30.27,39.96
2050,NB40116,OUT,06.06.2026,08.06.2026,07.06.2026,STE,EUR,333.00,30.27,39.96
2050,NB40118,OK,21.06.2026,24.06.2026,21.06.2026,STE,EUR,326.00,29.64,39.12
2050,NB40118,OK,21.06.2026,24.06.2026,22.06.2026,STE,EUR,326.00,29.64,39.12
2050,NB40118,OK,21.06.2026,24.06.2026,23.06.2026,STE,EUR,326.00,29.64,39.12
2050,NB40120,OUT,20.04.2026,23.04.2026,20.04.2026,STE,EUR,355.00,32.27,42.60
2050,NB40120,OUT,20.04.2026,23.04.2026,21.04.2026,STE,EUR,355.00,32.27,42.60
2050,NB40120,OUT,20.04.2026,23.04.2026,22.04.2026,STE,EUR,355.00,32.27,42.60
2050,NB40122,OUT,30.05.2026,06.06.2026,01.06.2026,STD,EUR,139.00,12.64,16.68
2050,NB40122,OUT,30.05.2026,06.06.2026,02.06.2026,STD,EUR,139.00,12.64,16.68
2050,NB40122,OUT,30.05.2026,06.06.2026,03.06.2026,STD,EUR,139.00,12.64,16.68
2050,NB40122,OUT,30.05.2026,06.06.2026,04.06.2026,STD,EUR,139.00,12.64,16.68
2050,NB40122,OUT,30.05.2026,06.06.2026,05.06.2026,STD,EUR,139.00,12.64,16.68
2050,NB40122,OUT,30.05.2026,06.06.2026,30.05.2026,STD,EUR,139.00,12.64,16.68
2050,NB40122,OUT,30.05.2026,06.06.2026,31.05.2026,STD,EUR,139.00,12.64,16.68
2050,NB40123,NOSHOW,22.06.2026,25.06.2026,22.06.2026,STD,EUR,153.00,13.91,18.36
2050,NB40123,NOSHOW,22.06.2026,25.06.2026,23.06.2026,STD,EUR,153.00,13.91,18.36
2050,NB40123,NOSHOW,22.06.2026,25.06.2026,24.06.2026,STD,EUR,153.00,13.91,18.36
2050,NB40125,CXL,19.06.2026,21.06.2026,19.06.2026,STE,EUR,298.00,27.09,35.76
2050,NB40125,CXL,19.06.2026,21.06.2026,20.06.2026,STE,EUR,298.00,27.09,35.76
2050,NB40128,OUT,11.05.2026,13.05.2026,11.05.2026,STE,EUR,314.00,28.55,37.68
2050,NB40128,OUT,11.05.2026,13.05.2026,12.05.2026,STE,EUR,314.00,28.55,37.68
2050,NB40129,OUT,19.05.2026,21.05.2026,19.05.2026,STD,EUR,137.00,12.45,16.44
2050,NB40129,OUT,19.05.2026,21.05.2026,20.05.2026,STD,EUR,137.00,12.45,16.44
2050,NB40130,OUT,19.06.2026,20.06.2026,19.06.2026,OLD,EUR,150.00,13.64,18.00
2050,NB40131,OUT,04.04.2026,05.04.2026,04.04.2026,OLD,EUR,150.00,13.64,18.00
2050,NB40132,NOSHOW,22.06.2026,24.06.2026,22.06.2026,SUP,EUR,152.00,13.82,18.24
2050,NB40132,NOSHOW,22.06.2026,24.06.2026,23.06.2026,SUP,EUR,152.00,13.82,18.24
2050,NB40135,OUT,29.05.2026,31.05.2026,29.05.2026,SUP,EUR,167.00,15.18,20.04
2050,NB40135,OUT,29.05.2026,31.05.2026,30.05.2026,SUP,EUR,167.00,15.18,20.04
2050,NB40138,OUT,08.05.2026,09.05.2026,08.05.2026,OLD,EUR,150.00,13.64,18.00
2050,NB40139,OK,07.05.2026,08.05.2026,07.05.2026,STD,EUR,120.00,10.91,14.40
2050,NB40140,OK,24.04.2026,26.04.2026,24.04.2026,SUP,EUR,220.00,20.00,26.40
2050,NB40140,OK,24.04.2026,26.04.2026,25.04.2026,SUP,EUR,220.00,20.00,26.40
2050,NB40141,OUT,26.04.2026,29.04.2026,26.04.2026,STD,EUR,155.00,14.09,18.60
2050,NB40141,OUT,26.04.2026,29.04.2026,27.04.2026,STD,EUR,155.00,14.09,18.60
2050,NB40141,OUT,26.04.2026,29.04.2026,28.04.2026,STD,EUR,155.00,14.09,18.60
2050,NB40143,OUT,02.04.2026,05.04.2026,02.04.2026,OLD,EUR,150.00,13.64,18.00
2050,NB40143,OUT,02.04.2026,05.04.2026,03.04.2026,OLD,EUR,150.00,13.64,18.00
2050,NB40143,OUT,02.04.2026,05.04.2026,04.04.2026,OLD,EUR,150.00,13.64,18.00
2050,NB40146,OK,03.04.2026,06.04.2026,03.04.2026,STE,EUR,259.00,23.55,31.08
2050,NB40146,OK,03.04.2026,06.04.2026,04.04.2026,STE,EUR,259.00,23.55,31.08
2050,NB40146,OK,03.04.2026,06.04.2026,05.04.2026,STE,EUR,259.00,23.55,31.08
2050,NB40149,CXL,14.05.2026,15.05.2026,14.05.2026,STD,EUR,122.00,11.09,14.64
2050,NB40151,OUT,06.05.2026,07.05.2026,06.05.2026,SUP,EUR,184.00,16.73,22.08
2050,NB40153,OUT,11.05.2026,14.05.2026,11.05.2026,SUP,EUR,167.00,15.18,20.04
2050,NB40153,OUT,11.05.2026,14.05.2026,12.05.2026,SUP,EUR,167.00,15.18,20.04
2050,NB40153,OUT,11.05.2026,14.05.2026,13.05.2026,SUP,EUR,167.00,15.18,20.04
2050,NB40155,OK,24.06.2026,25.06.2026,24.06.2026,STE,EUR,282.00,25.64,33.84
2050,NB40156,CXL,03.06.2026,07.06.2026,03.06.2026,SUP,EUR,169.00,15.36,20.28
2050,NB40156,CXL,03.06.2026,07.06.2026,04.06.2026,SUP,EUR,169.00,15.36,20.28
2050,NB40156,CXL,03.06.2026,07.06.2026,05.06.2026,SUP,EUR,169.00,15.36,20.28
2050,NB40156,CXL,03.06.2026,07.06.2026,06.06.2026,SUP,EUR,169.00,15.36,20.28
2050,NB40158,OUT,15.04.2026,18.04.2026,15.04.2026,STD,EUR,164.00,14.91,19.68
2050,NB40158,OUT,15.04.2026,18.04.2026,16.04.2026,STD,EUR,164.00,14.91,19.68
2050,NB40158,OUT,15.04.2026,18.04.2026,17.04.2026,STD,EUR,164.00,14.91,19.68
2050,NB40161,OK,14.04.2026,17.04.2026,14.04.2026,SUP,EUR,194.00,17.64,23.28
2050,NB40161,OK,14.04.2026,17.04.2026,15.04.2026,SUP,EUR,194.00,17.64,23.28
2050,NB40161,OK,14.04.2026,17.04.2026,16.04.2026,SUP,EUR,194.00,17.64,23.28
2050,NB40163,OUT,20.04.2026,27.04.2026,20.04.2026,STD,EUR,123.00,11.18,14.76
2050,NB40163,OUT,20.04.2026,27.04.2026,21.04.2026,STD,EUR,123.00,11.18,14.76
2050,NB40163,OUT,20.04.2026,27.04.2026,22.04.2026,STD,EUR,123.00,11.18,14.76
2050,NB40163,OUT,20.04.2026,27.04.2026,23.04.2026,STD,EUR,123.00,11.18,14.76
2050,NB40163,OUT,20.04.2026,27.04.2026,24.04.2026,STD,EUR,123.00,11.18,14.76
2050,NB40163,OUT,20.04.2026,27.04.2026,25.04.2026,STD,EUR,123.00,11.18,14.76
2050,NB40163,OUT,20.04.2026,27.04.2026,26.04.2026,STD,EUR,123.00,11.18,14.76
2050,NB40164,OUT,20.06.2026,21.06.2026,20.06.2026,OLD,EUR,150.00,13.64,18.00
2050,NB40165,OUT,23.05.2026,30.05.2026,23.05.2026,STE,EUR,384.00,34.91,46.08
2050,NB40165,OUT,23.05.2026,30.05.2026,24.05.2026,STE,EUR,384.00,34.91,46.08
2050,NB40165,OUT,23.05.2026,30.05.2026,25.05.2026,STE,EUR,384.00,34.91,46.08
2050,NB40165,OUT,23.05.2026,30.05.2026,26.05.2026,STE,EUR,384.00,34.91,46.08
2050,NB40165,OUT,23.05.2026,30.05.2026,27.05.2026,STE,EUR,384.00,34.91,46.08
2050,NB40165,OUT,23.05.2026,30.05.2026,28.05.2026,STE,EUR,384.00,34.91,46.08
2050,NB40165,OUT,23.05.2026,30.05.2026,29.05.2026,STE,EUR,384.00,34.91,46.08
2050,NB40166,CXL,22.06.2026,29.06.2026,22.06.2026,STE,EUR,352.00,32.00,42.24
2050,NB40166,CXL,22.06.2026,29.06.2026,23.06.2026,STE,EUR,352.00,32.00,42.24
2050,NB40166,CXL,22.06.2026,29.06.2026,24.06.2026,STE,EUR,352.00,32.00,42.24
2050,NB40166,CXL,22.06.2026,29.06.2026,25.06.2026,STE,EUR,352.00,32.00,42.24
2050,NB40166,CXL,22.06.2026,29.06.2026,26.06.2026,STE,EUR,352.00,32.00,42.24
2050,NB40166,CXL,22.06.2026,29.06.2026,27.06.2026,STE,EUR,352.00,32.00,42.24
2050,NB40166,CXL,22.06.2026,29.06.2026,28.06.2026,STE,EUR,352.00,32.00,42.24
2050,NB40167,OUT,09.06.2026,16.06.2026,09.06.2026,SUP,EUR,181.00,16.45,21.72
2050,NB40167,OUT,09.06.2026,16.06.2026,10.06.2026,SUP,EUR,181.00,16.45,21.72
2050,NB40167,OUT,09.06.2026,16.06.2026,11.06.2026,SUP,EUR,181.00,16.45,21.72
2050,NB40167,OUT,09.06.2026,16.06.2026,12.06.2026,SUP,EUR,181.00,16.45,21.72
2050,NB40167,OUT,09.06.2026,16.06.2026,13.06.2026,SUP,EUR,181.00,16.45,21.72
2050,NB40167,OUT,09.06.2026,16.06.2026,14.06.2026,SUP,EUR,181.00,16.45,21.72
2050,NB40167,OUT,09.06.2026,16.06.2026,15.06.2026,SUP,EUR,181.00,16.45,21.72
2050,NB40168,NOSHOW,02.05.2026,05.05.2026,02.05.2026,OLD,EUR,150.00,13.64,18.00
2050,NB40168,NOSHOW,02.05.2026,05.05.2026,03.05.2026,OLD,EUR,150.00,13.64,18.00
2050,NB40168,NOSHOW,02.05.2026,05.05.2026,04.05.2026,OLD,EUR,150.00,13.64,18.00
2050,NB40171,OUT,05.06.2026,08.06.2026,05.06.2026,STD,EUR,125.00,11.36,15.00
2050,NB40171,OUT,05.06.2026,08.06.2026,06.06.2026,STD,EUR,125.00,11.36,15.00
2050,NB40171,OUT,05.06.2026,08.06.2026,07.06.2026,STD,EUR,125.00,11.36,15.00
2050,NB40174,OUT,12.06.2026,15.06.2026,12.06.2026,STE,EUR,346.00,31.45,41.52
2050,NB40174,OUT,12.06.2026,15.06.2026,13.06.2026,STE,EUR,346.00,31.45,41.52
2050,NB40174,OUT,12.06.2026,15.06.2026,14.06.2026,STE,EUR,346.00,31.45,41.52
2050,NB40177,OK,12.04.2026,16.04.2026,12.04.2026,STD,EUR,136.00,12.36,16.32
2050,NB40177,OK,12.04.2026,16.04.2026,13.04.2026,STD,EUR,136.00,12.36,16.32
2050,NB40177,OK,12.04.2026,16.04.2026,14.04.2026,STD,EUR,136.00,12.36,16.32
2050,NB40177,OK,12.04.2026,16.04.2026,15.04.2026,STD,EUR,136.00,12.36,16.32
2050,NB40180,NOSHOW,26.06.2026,28.06.2026,26.06.2026,STE,EUR,381.00,34.64,45.72
2050,NB40180,NOSHOW,26.06.2026,28.06.2026,27.06.2026,STE,EUR,381.00,34.64,45.72
2050,NB40182,OUT,17.04.2026,19.04.2026,17.04.2026,SUP,EUR,205.00,18.64,24.60
2050,NB40182,OUT,17.04.2026,19.04.2026,18.04.2026,SUP,EUR,205.00,18.64,24.60
2050,NB40184,OUT,06.04.2026,07.04.2026,06.04.2026,SUP,EUR,220.00,20.00,26.40
2050,NB40185,OUT,25.04.2026,26.04.2026,25.04.2026,SUP,EUR,205.00,18.64,24.60
2050,NB40187,OUT,10.06.2026,12.06.2026,10.06.2026,SUP,EUR,217.00,19.73,26.04
2050,NB40187,OUT,10.06.2026,12.06.2026,11.06.2026,SUP,EUR,217.00,19.73,26.04
2050,NB40189,OUT,15.05.2026,16.05.2026,15.05.2026,OLD,EUR,150.00,13.64,18.00
2050,NB40192,NOSHOW,01.06.2026,05.06.2026,01.06.2026,STE,EUR,333.00,30.27,39.96
2050,NB40192,NOSHOW,01.06.2026,05.06.2026,02.06.2026,STE,EUR,333.00,30.27,39.96
2050,NB40192,NOSHOW,01.06.2026,05.06.2026,03.06.2026,STE,EUR,333.00,30.27,39.96
2050,NB40192,NOSHOW,01.06.2026,05.06.2026,04.06.2026,STE,EUR,333.00,30.27,39.96
2050,NB40194,OUT,09.04.2026,10.04.2026,09.04.2026,SUP,EUR,165.00,15.00,19.80
2050,NB40195,OK,13.06.2026,17.06.2026,13.06.2026,STD,EUR,148.00,13.45,17.76
2050,NB40195,OK,13.06.2026,17.06.2026,14.06.2026,STD,EUR,148.00,13.45,17.76
2050,NB40195,OK,13.06.2026,17.06.2026,15.06.2026,STD,EUR,148.00,13.45,17.76
2050,NB40195,OK,13.06.2026,17.06.2026,16.06.2026,STD,EUR,148.00,13.45,17.76
2050,NB40197,OUT,09.06.2026,16.06.2026,09.06.2026,OLD,EUR,150.00,13.64,18.00
2050,NB40197,OUT,09.06.2026,16.06.2026,10.06.2026,OLD,EUR,150.00,13.64,18.00
2050,NB40197,OUT,09.06.2026,16.06.2026,11.06.2026,OLD,EUR,150.00,13.64,18.00
2050,NB40197,OUT,09.06.2026,16.06.2026,12.06.2026,OLD,EUR,150.00,13.64,18.00
2050,NB40197,OUT,09.06.2026,16.06.2026,13.06.2026,OLD,EUR,150.00,13.64,18.00
2050,NB40197,OUT,09.06.2026,16.06.2026,14.06.2026,OLD,EUR,150.00,13.64,18.00
2050,NB40197,OUT,09.06.2026,16.06.2026,15.06.2026,OLD,EUR,150.00,13.64,18.00
2050,NB40199,OUT,20.04.2026,22.04.2026,20.04.2026,STE,EUR,278.00,25.27,33.36
2050,NB40199,OUT,20.04.2026,22.04.2026,21.04.2026,STE,EUR,278.00,25.27,33.36
2050,NB40202,OUT,20.04.2026,22.04.2026,20.04.2026,SUP,EUR,215.00,19.55,25.80
2050,NB40202,OUT,20.04.2026,22.04.2026,21.04.2026,SUP,EUR,215.00,19.55,25.80
2050,NB40205,CXL,10.04.2026,11.04.2026,10.04.2026,OLD,EUR,150.00,13.64,18.00
2050,NB40207,OUT,14.05.2026,16.05.2026,14.05.2026,STD,EUR,146.00,13.27,17.52
2050,NB40207,OUT,14.05.2026,16.05.2026,15.05.2026,STD,EUR,146.00,13.27,17.52
2050,NB40209,NOSHOW,23.04.2026,25.04.2026,23.04.2026,OLD,EUR,150.00,13.64,18.00
2050,NB40209,NOSHOW,23.04.2026,25.04.2026,24.04.2026,OLD,EUR,150.00,13.64,18.00
2050,NB40212,NOSHOW,27.06.2026,28.06.2026,27.06.2026,STE,EUR,342.00,31.09,41.04
2050,NB40213,OUT,24.05.2026,27.05.2026,24.05.2026,SUP,EUR,224.00,20.36,26.88
2050,NB40213,OUT,24.05.2026,27.05.2026,25.05.2026,SUP,EUR,224.00,20.36,26.88
2050,NB40213,OUT,24.05.2026,27.05.2026,26.05.2026,SUP,EUR,224.00,20.36,26.88
2050,NB40216,OUT,20.05.2026,23.05.2026,20.05.2026,STD,EUR,148.00,13.45,17.76
2050,NB40216,OUT,20.05.2026,23.05.2026,21.05.2026,STD,EUR,148.00,13.45,17.76
2050,NB40216,OUT,20.05.2026,23.05.2026,22.05.2026,STD,EUR,148.00,13.45,17.76
2050,NB40217,OUT,11.05.2026,14.05.2026,11.05.2026,STE,EUR,266.00,24.18,31.92
2050,NB40217,OUT,11.05.2026,14.05.2026,12.05.2026,STE,EUR,266.00,24.18,31.92
2050,NB40217,OUT,11.05.2026,14.05.2026,13.05.2026,STE,EUR,266.00,24.18,31.92
2050,NB40219,OUT,20.05.2026,22.05.2026,20.05.2026,STE,EUR,381.00,34.64,45.72
2050,NB40219,OUT,20.05.2026,22.05.2026,21.05.2026,STE,EUR,381.00,34.64,45.72
2050,NB40221,OUT,20.06.2026,22.06.2026,20.06.2026,STE,EUR,320.00,29.09,38.40
2050,NB40221,OUT,20.06.2026,22.06.2026,21.06.2026,STE,EUR,320.00,29.09,38.40
2050,NB40223,OUT,30.04.2026,04.05.2026,01.05.2026,STD,EUR,123.00,11.18,14.76
2050,NB40223,OUT,30.04.2026,04.05.2026,02.05.2026,STD,EUR,123.00,11.18,14.76
2050,NB40223,OUT,30.04.2026,04.05.2026,03.05.2026,STD,EUR,123.00,11.18,14.76
2050,NB40223,OUT,30.04.2026,04.05.2026,30.04.2026,STD,EUR,123.00,11.18,14.76
2050,NB40226,OK,14.04.2026,21.04.2026,14.04.2026,SUP,EUR,194.00,17.64,23.28
2050,NB40226,OK,14.04.2026,21.04.2026,15.04.2026,SUP,EUR,194.00,17.64,23.28
2050,NB40226,OK,14.04.2026,21.04.2026,16.04.2026,SUP,EUR,194.00,17.64,23.28
2050,NB40226,OK,14.04.2026,21.04.2026,17.04.2026,SUP,EUR,194.00,17.64,23.28
2050,NB40226,OK,14.04.2026,21.04.2026,18.04.2026,SUP,EUR,194.00,17.64,23.28
2050,NB40226,OK,14.04.2026,21.04.2026,19.04.2026,SUP,EUR,194.00,17.64,23.28
2050,NB40226,OK,14.04.2026,21.04.2026,20.04.2026,SUP,EUR,194.00,17.64,23.28
2050,NB40227,OUT,17.05.2026,18.05.2026,17.05.2026,STD,EUR,133.00,12.09,15.96
2050,NB40229,OUT,10.04.2026,14.04.2026,10.04.2026,STE,EUR,288.00,26.18,34.56
2050,NB40229,OUT,10.04.2026,14.04.2026,11.04.2026,STE,EUR,288.00,26.18,34.56
2050,NB40229,OUT,10.04.2026,14.04.2026,12.04.2026,STE,EUR,288.00,26.18,34.56
2050,NB40229,OUT,10.04.2026,14.04.2026,13.04.2026,STE,EUR,288.00,26.18,34.56
2050,NB40231,OUT,03.05.2026,10.05.2026,03.05.2026,OLD,EUR,150.00,13.64,18.00
2050,NB40231,OUT,03.05.2026,10.05.2026,04.05.2026,OLD,EUR,150.00,13.64,18.00
2050,NB40231,OUT,03.05.2026,10.05.2026,05.05.2026,OLD,EUR,150.00,13.64,18.00
2050,NB40231,OUT,03.05.2026,10.05.2026,06.05.2026,OLD,EUR,150.00,13.64,18.00
2050,NB40231,OUT,03.05.2026,10.05.2026,07.05.2026,OLD,EUR,150.00,13.64,18.00
2050,NB40231,OUT,03.05.2026,10.05.2026,08.05.2026,OLD,EUR,150.00,13.64,18.00
2050,NB40231,OUT,03.05.2026,10.05.2026,09.05.2026,OLD,EUR,150.00,13.64,18.00
2050,NB40234,OUT,20.04.2026,27.04.2026,20.04.2026,STD,EUR,164.00,14.91,19.68
2050,NB40234,OUT,20.04.2026,27.04.2026,21.04.2026,STD,EUR,164.00,14.91,19.68
2050,NB40234,OUT,20.04.2026,27.04.2026,22.04.2026,STD,EUR,164.00,14.91,19.68
2050,NB40234,OUT,20.04.2026,27.04.2026,23.04.2026,STD,EUR,164.00,14.91,19.68
2050,NB40234,OUT,20.04.2026,27.04.2026,24.04.2026,STD,EUR,164.00,14.91,19.68
2050,NB40234,OUT,20.04.2026,27.04.2026,25.04.2026,STD,EUR,164.00,14.91,19.68
2050,NB40234,OUT,20.04.2026,27.04.2026,26.04.2026,STD,EUR,164.00,14.91,19.68
2050,NB40235,OUT,21.06.2026,22.06.2026,21.06.2026,SUP,EUR,165.00,15.00,19.80
2050,NB40237,NOSHOW,14.05.2026,16.05.2026,14.05.2026,SUP,EUR,158.00,14.36,18.96
2050,NB40237,NOSHOW,14.05.2026,16.05.2026,15.05.2026,SUP,EUR,158.00,14.36,18.96
2050,NB40240,CXL,28.06.2026,29.06.2026,28.06.2026,SUP,EUR,215.00,19.55,25.80
2050,NB40242,OUT,17.05.2026,18.05.2026,17.05.2026,SUP,EUR,215.00,19.55,25.80
2050,NB40245,OK,12.06.2026,13.06.2026,12.06.2026,STD,EUR,150.00,13.64,18.00
2050,NB40248,OK,10.05.2026,17.05.2026,10.05.2026,OLD,EUR,150.00,13.64,18.00
2050,NB40248,OK,10.05.2026,17.05.2026,11.05.2026,OLD,EUR,150.00,13.64,18.00
2050,NB40248,OK,10.05.2026,17.05.2026,12.05.2026,OLD,EUR,150.00,13.64,18.00
2050,NB40248,OK,10.05.2026,17.05.2026,13.05.2026,OLD,EUR,150.00,13.64,18.00
2050,NB40248,OK,10.05.2026,17.05.2026,14.05.2026,OLD,EUR,150.00,13.64,18.00
2050,NB40248,OK,10.05.2026,17.05.2026,15.05.2026,OLD,EUR,150.00,13.64,18.00
2050,NB40248,OK,10.05.2026,17.05.2026,16.05.2026,OLD,EUR,150.00,13.64,18.00
2050,NB40251,CXL,02.06.2026,03.06.2026,02.06.2026,STD,EUR,157.00,14.27,18.84
2050,NB40252,OUT,15.04.2026,22.04.2026,15.04.2026,SUP,EUR,196.00,17.82,23.52
2050,NB40252,OUT,15.04.2026,22.04.2026,16.04.2026,SUP,EUR,196.00,17.82,23.52
2050,NB40252,OUT,15.04.2026,22.04.2026,17.04.2026,SUP,EUR,196.00,17.82,23.52
2050,NB40252,OUT,15.04.2026,22.04.2026,18.04.2026,SUP,EUR,196.00,17.82,23.52
2050,NB40252,OUT,15.04.2026,22.04.2026,19.04.2026,SUP,EUR,196.00,17.82,23.52
2050,NB40252,OUT,15.04.2026,22.04.2026,20.04.2026,SUP,EUR,196.00,17.82,23.52
2050,NB40252,OUT,15.04.2026,22.04.2026,21.04.2026,SUP,EUR,196.00,17.82,23.52
2050,NB40253,OK,22.05.2026,26.05.2026,22.05.2026,STE,EUR,317.00,28.82,38.04
2050,NB40253,OK,22.05.2026,26.05.2026,23.05.2026,STE,EUR,317.00,28.82,38.04
2050,NB40253,OK,22.05.2026,26.05.2026,24.05.2026,STE,EUR,317.00,28.82,38.04
2050,NB40253,OK,22.05.2026,26.05.2026,25.05.2026,STE,EUR,317.00,28.82,38.04
2050,NB40254,OUT,06.05.2026,07.05.2026,06.05.2026,OLD,EUR,150.00,13.64,18.00
2050,NB40255,OUT,25.04.2026,29.04.2026,25.04.2026,STE,EUR,374.00,34.00,44.88
2050,NB40255,OUT,25.04.2026,29.04.2026,26.04.2026,STE,EUR,374.00,34.00,44.88
2050,NB40255,OUT,25.04.2026,29.04.2026,27.04.2026,STE,EUR,374.00,34.00,44.88
2050,NB40255,OUT,25.04.2026,29.04.2026,28.04.2026,STE,EUR,374.00,34.00,44.88
2050,NB40256,NOSHOW,20.04.2026,21.04.2026,20.04.2026,SUP,EUR,203.00,18.45,24.36
2050,NB40258,OUT,13.05.2026,15.05.2026,13.05.2026,SUP,EUR,162.00,14.73,19.44
2050,NB40258,OUT,13.05.2026,15.05.2026,14.05.2026,SUP,EUR,162.00,14.73,19.44
2050,NB40261,CXL,15.05.2026,17.05.2026,15.05.2026,OLD,EUR,150.00,13.64,18.00
2050,NB40261,CXL,15.05.2026,17.05.2026,16.05.2026,OLD,EUR,150.00,13.64,18.00
2050,NB40264,OK,15.04.2026,19.04.2026,15.04.2026,SUP,EUR,152.00,13.82,18.24
2050,NB40264,OK,15.04.2026,19.04.2026,16.04.2026,SUP,EUR,152.00,13.82,18.24
2050,NB40264,OK,15.04.2026,19.04.2026,17.04.2026,SUP,EUR,152.00,13.82,18.24
2050,NB40264,OK,15.04.2026,19.04.2026,18.04.2026,SUP,EUR,152.00,13.82,18.24
2050,NB40266,OK,11.06.2026,12.06.2026,11.06.2026,SUP,EUR,196.00,17.82,23.52
2050,NB40269,NOSHOW,26.06.2026,28.06.2026,26.06.2026,SUP,EUR,154.00,14.00,18.48
2050,NB40269,NOSHOW,26.06.2026,28.06.2026,27.06.2026,SUP,EUR,154.00,14.00,18.48
2050,NB40272,OUT,16.04.2026,17.04.2026,16.04.2026,STD,EUR,164.00,14.91,19.68
2050,NB40273,NOSHOW,09.04.2026,12.04.2026,09.04.2026,STE,EUR,288.00,26.18,34.56
2050,NB40273,NOSHOW,09.04.2026,12.04.2026,10.04.2026,STE,EUR,288.00,26.18,34.56
2050,NB40273,NOSHOW,09.04.2026,12.04.2026,11.04.2026,STE,EUR,288.00,26.18,34.56
2050,NB40276,CXL,05.06.2026,07.06.2026,05.06.2026,SUP,EUR,220.00,20.00,26.40
2050,NB40276,CXL,05.06.2026,07.06.2026,06.06.2026,SUP,EUR,220.00,20.00,26.40
2050,NB40277,NOSHOW,18.05.2026,20.05.2026,18.05.2026,OLD,EUR,150.00,13.64,18.00
2050,NB40277,NOSHOW,18.05.2026,20.05.2026,19.05.2026,OLD,EUR,150.00,13.64,18.00
2050,NB40278,OK,22.04.2026,26.04.2026,22.04.2026,STE,EUR,285.00,25.91,34.20
2050,NB40278,OK,22.04.2026,26.04.2026,23.04.2026,STE,EUR,285.00,25.91,34.20
2050,NB40278,OK,22.04.2026,26.04.2026,24.04.2026,STE,EUR,285.00,25.91,34.20
2050,NB40278,OK,22.04.2026,26.04.2026,25.04.2026,STE,EUR,285.00,25.91,34.20
2050,NB40279,OK,04.04.2026,11.04.2026,04.04.2026,SUP,EUR,203.00,18.45,24.36
2050,NB40279,OK,04.04.2026,11.04.2026,05.04.2026,SUP,EUR,203.00,18.45,24.36
2050,NB40279,OK,04.04.2026,11.04.2026,06.04.2026,SUP,EUR,203.00,18.45,24.36
2050,NB40279,OK,04.04.2026,11.04.2026,07.04.2026,SUP,EUR,203.00,18.45,24.36
2050,NB40279,OK,04.04.2026,11.04.2026,08.04.2026,SUP,EUR,203.00,18.45,24.36
2050,NB40279,OK,04.04.2026,11.04.2026,09.04.2026,SUP,EUR,203.00,18.45,24.36
2050,NB40279,OK,04.04.2026,11.04.2026,10.04.2026,SUP,EUR,203.00,18.45,24.36
2050,NB40282,OUT,26.06.2026,28.06.2026,26.06.2026,OLD,EUR,150.00,13.64,18.00
2050,NB40282,OUT,26.06.2026,28.06.2026,27.06.2026,OLD,EUR,150.00,13.64,18.00
2050,NB40283,OK,01.05.2026,03.05.2026,01.05.2026,STE,EUR,326.00,29.64,39.12
2050,NB40283,OK,01.05.2026,03.05.2026,02.05.2026,STE,EUR,326.00,29.64,39.12
2050,NB40286,OUT,28.04.2026,01.05.2026,28.04.2026,STE,EUR,323.00,29.36,38.76
2050,NB40286,OUT,28.04.2026,01.05.2026,29.04.2026,STE,EUR,323.00,29.36,38.76
2050,NB40286,OUT,28.04.2026,01.05.2026,30.04.2026,STE,EUR,323.00,29.36,38.76
2050,NB40288,OUT,30.04.2026,02.05.2026,01.05.2026,STE,EUR,365.00,33.18,43.80
2050,NB40288,OUT,30.04.2026,02.05.2026,30.04.2026,STE,EUR,365.00,33.18,43.80
2050,NB40290,OK,08.04.2026,09.04.2026,08.04.2026,STD,EUR,122.00,11.09,14.64
2050,NB40293,OUT,15.04.2026,19.04.2026,15.04.2026,STD,EUR,115.00,10.45,13.80
2050,NB40293,OUT,15.04.2026,19.04.2026,16.04.2026,STD,EUR,115.00,10.45,13.80
2050,NB40293,OUT,15.04.2026,19.04.2026,17.04.2026,STD,EUR,115.00,10.45,13.80
2050,NB40293,OUT,15.04.2026,19.04.2026,18.04.2026,STD,EUR,115.00,10.45,13.80
2050,NB40295,OK,19.04.2026,21.04.2026,19.04.2026,STE,EUR,266.00,24.18,31.92
2050,NB40295,OK,19.04.2026,21.04.2026,20.04.2026,STE,EUR,266.00,24.18,31.92
2050,NB40296,OK,24.05.2026,31.05.2026,24.05.2026,OLD,EUR,150.00,13.64,18.00
2050,NB40296,OK,24.05.2026,31.05.2026,25.05.2026,OLD,EUR,150.00,13.64,18.00
2050,NB40296,OK,24.05.2026,31.05.2026,26.05.2026,OLD,EUR,150.00,13.64,18.00
2050,NB40296,OK,24.05.2026,31.05.2026,27.05.2026,OLD,EUR,150.00,13.64,18.00
2050,NB40296,OK,24.05.2026,31.05.2026,28.05.2026,OLD,EUR,150.00,13.64,18.00
2050,NB40296,OK,24.05.2026,31.05.2026,29.05.2026,OLD,EUR,150.00,13.64,18.00
2050,NB40296,OK,24.05.2026,31.05.2026,30.05.2026,OLD,EUR,150.00,13.64,18.00
2050,NB40299,OUT,24.04.2026,25.04.2026,24.04.2026,SUP,EUR,156.00,14.18,18.72
2050,NB40302,CXL,07.06.2026,09.06.2026,07.06.2026,STD,EUR,119.00,10.82,14.28
2050,NB40302,CXL,07.06.2026,09.06.2026,08.06.2026,STD,EUR,119.00,10.82,14.28
2050,NB40303,OUT,30.04.2026,01.05.2026,30.04.2026,SUP,EUR,182.00,16.55,21.84
2050,NB40305,OUT,13.04.2026,17.04.2026,13.04.2026,SUP,EUR,205.00,18.64,24.60
2050,NB40305,OUT,13.04.2026,17.04.2026,14.04.2026,SUP,EUR,205.00,18.64,24.60
2050,NB40305,OUT,13.04.2026,17.04.2026,15.04.2026,SUP,EUR,205.00,18.64,24.60
2050,NB40305,OUT,13.04.2026,17.04.2026,16.04.2026,SUP,EUR,205.00,18.64,24.60
2050,NB40306,OUT,22.04.2026,29.04.2026,22.04.2026,STE,EUR,358.00,32.55,42.96
2050,NB40306,OUT,22.04.2026,29.04.2026,23.04.2026,STE,EUR,358.00,32.55,42.96
2050,NB40306,OUT,22.04.2026,29.04.2026,24.04.2026,STE,EUR,358.00,32.55,42.96
2050,NB40306,OUT,22.04.2026,29.04.2026,25.04.2026,STE,EUR,358.00,32.55,42.96
2050,NB40306,OUT,22.04.2026,29.04.2026,26.04.2026,STE,EUR,358.00,32.55,42.96
2050,NB40306,OUT,22.04.2026,29.04.2026,27.04.2026,STE,EUR,358.00,32.55,42.96
2050,NB40306,OUT,22.04.2026,29.04.2026,28.04.2026,STE,EUR,358.00,32.55,42.96
2050,NB40308,NOSHOW,12.05.2026,19.05.2026,12.05.2026,OLD,EUR,150.00,13.64,18.00
2050,NB40308,NOSHOW,12.05.2026,19.05.2026,13.05.2026,OLD,EUR,150.00,13.64,18.00
2050,NB40308,NOSHOW,12.05.2026,19.05.2026,14.05.2026,OLD,EUR,150.00,13.64,18.00
2050,NB40308,NOSHOW,12.05.2026,19.05.2026,15.05.2026,OLD,EUR,150.00,13.64,18.00
2050,NB40308,NOSHOW,12.05.2026,19.05.2026,16.05.2026,OLD,EUR,150.00,13.64,18.00
2050,NB40308,NOSHOW,12.05.2026,19.05.2026,17.05.2026,OLD,EUR,150.00,13.64,18.00
2050,NB40308,NOSHOW,12.05.2026,19.05.2026,18.05.2026,OLD,EUR,150.00,13.64,18.00
2050,NB40311,OUT,11.04.2026,15.04.2026,11.04.2026,STE,EUR,333.00,30.27,39.96
2050,NB40311,OUT,11.04.2026,15.04.2026,12.04.2026,STE,EUR,333.00,30.27,39.96
2050,NB40311,OUT,11.04.2026,15.04.2026,13.04.2026,STE,EUR,333.00,30.27,39.96
2050,NB40311,OUT,11.04.2026,15.04.2026,14.04.2026,STE,EUR,333.00,30.27,39.96
2050,NB40313,OUT,26.04.2026,27.04.2026,26.04.2026,STD,EUR,116.00,10.55,13.92
2050,NB40315,OUT,20.04.2026,27.04.2026,20.04.2026,OLD,EUR,150.00,13.64,18.00
2050,NB40315,OUT,20.04.2026,27.04.2026,21.04.2026,OLD,EUR,150.00,13.64,18.00
2050,NB40315,OUT,20.04.2026,27.04.2026,22.04.2026,OLD,EUR,150.00,13.64,18.00
2050,NB40315,OUT,20.04.2026,27.04.2026,23.04.2026,OLD,EUR,150.00,13.64,18.00
2050,NB40315,OUT,20.04.2026,27.04.2026,24.04.2026,OLD,EUR,150.00,13.64,18.00
2050,NB40315,OUT,20.04.2026,27.04.2026,25.04.2026,OLD,EUR,150.00,13.64,18.00
2050,NB40315,OUT,20.04.2026,27.04.2026,26.04.2026,OLD,EUR,150.00,13.64,18.00
2050,NB40318,OK,03.05.2026,04.05.2026,03.05.2026,STE,EUR,339.00,30.82,40.68
2050,NB40321,OUT,29.05.2026,30.05.2026,29.05.2026,SUP,EUR,171.00,15.55,20.52
2050,NB40323,OUT,12.04.2026,19.04.2026,12.04.2026,STD,EUR,168.00,15.27,20.16
2050,NB40323,OUT,12.04.2026,19.04.2026,13.04.2026,STD,EUR,168.00,15.27,20.16
2050,NB40323,OUT,12.04.2026,19.04.2026,14.04.2026,STD,EUR,168.00,15.27,20.16
2050,NB40323,OUT,12.04.2026,19.04.2026,15.04.2026,STD,EUR,168.00,15.27,20.16
2050,NB40323,OUT,12.04.2026,19.04.2026,16.04.2026,STD,EUR,168.00,15.27,20.16
2050,NB40323,OUT,12.04.2026,19.04.2026,17.04.2026,STD,EUR,168.00,15.27,20.16
2050,NB40323,OUT,12.04.2026,19.04.2026,18.04.2026,STD,EUR,168.00,15.27,20.16
2050,NB40325,CXL,22.06.2026,25.06.2026,22.06.2026,STE,EUR,371.00,33.73,44.52
2050,NB40325,CXL,22.06.2026,25.06.2026,23.06.2026,STE,EUR,371.00,33.73,44.52
2050,NB40325,CXL,22.06.2026,25.06.2026,24.06.2026,STE,EUR,371.00,33.73,44.52
2050,NB40326,OUT,22.04.2026,23.04.2026,22.04.2026,STE,EUR,346.00,31.45,41.52
2050,NB40328,OUT,22.05.2026,23.05.2026,22.05.2026,SUP,EUR,222.00,20.18,26.64
2050,NB40330,CXL,29.05.2026,05.06.2026,01.06.2026,STD,EUR,161.00,14.64,19.32
2050,NB40330,CXL,29.05.2026,05.06.2026,02.06.2026,STD,EUR,161.00,14.64,19.32
2050,NB40330,CXL,29.05.2026,05.06.2026,03.06.2026,STD,EUR,161.00,14.64,19.32
2050,NB40330,CXL,29.05.2026,05.06.2026,04.06.2026,STD,EUR,161.00,14.64,19.32
2050,NB40330,CXL,29.05.2026,05.06.2026,29.05.2026,STD,EUR,161.00,14.64,19.32
2050,NB40330,CXL,29.05.2026,05.06.2026,30.05.2026,STD,EUR,161.00,14.64,19.32
2050,NB40330,CXL,29.05.2026,05.06.2026,31.05.2026,STD,EUR,161.00,14.64,19.32
2050,NB40333,OK,25.05.2026,29.05.2026,25.05.2026,STD,EUR,126.00,11.45,15.12
2050,NB40333,OK,25.05.2026,29.05.2026,26.05.2026,STD,EUR,126.00,11.45,15.12
2050,NB40333,OK,25.05.2026,29.05.2026,27.05.2026,STD,EUR,126.00,11.45,15.12
2050,NB40333,OK,25.05.2026,29.05.2026,28.05.2026,STD,EUR,126.00,11.45,15.12
2050,NB40336,OK,10.06.2026,12.06.2026,10.06.2026,OLD,EUR,150.00,13.64,18.00
2050,NB40336,OK,10.06.2026,12.06.2026,11.06.2026,OLD,EUR,150.00,13.64,18.00
2050,NB40337,OK,27.06.2026,29.06.2026,27.06.2026,OLD,EUR,150.00,13.64,18.00
2050,NB40337,OK,27.06.2026,29.06.2026,28.06.2026,OLD,EUR,150.00,13.64,18.00
2050,NB40340,OUT,27.04.2026,28.04.2026,27.04.2026,STD,EUR,125.00,11.36,15.00
2050,NB40342,OUT,02.05.2026,05.05.2026,02.05.2026,STE,EUR,320.00,29.09,38.40
2050,NB40342,OUT,02.05.2026,05.05.2026,03.05.2026,STE,EUR,320.00,29.09,38.40
2050,NB40342,OUT,02.05.2026,05.05.2026,04.05.2026,STE,EUR,320.00,29.09,38.40
2050,NB40344,OUT,15.04.2026,19.04.2026,15.04.2026,OLD,EUR,150.00,13.64,18.00
2050,NB40344,OUT,15.04.2026,19.04.2026,16.04.2026,OLD,EUR,150.00,13.64,18.00
2050,NB40344,OUT,15.04.2026,19.04.2026,17.04.2026,OLD,EUR,150.00,13.64,18.00
2050,NB40344,OUT,15.04.2026,19.04.2026,18.04.2026,OLD,EUR,150.00,13.64,18.00
2050,NB40346,OUT,20.06.2026,21.06.2026,20.06.2026,STD,EUR,126.00,11.45,15.12
2050,NB40349,OUT,17.05.2026,24.05.2026,17.05.2026,STD,EUR,136.00,12.36,16.32
2050,NB40349,OUT,17.05.2026,24.05.2026,18.05.2026,STD,EUR,136.00,12.36,16.32
2050,NB40349,OUT,17.05.2026,24.05.2026,19.05.2026,STD,EUR,136.00,12.36,16.32
2050,NB40349,OUT,17.05.2026,24.05.2026,20.05.2026,STD,EUR,136.00,12.36,16.32
2050,NB40349,OUT,17.05.2026,24.05.2026,21.05.2026,STD,EUR,136.00,12.36,16.32
2050,NB40349,OUT,17.05.2026,24.05.2026,22.05.2026,STD,EUR,136.00,12.36,16.32
2050,NB40349,OUT,17.05.2026,24.05.2026,23.05.2026,STD,EUR,136.00,12.36,16.32
2050,NB40351,OUT,12.06.2026,13.06.2026,12.06.2026,STE,EUR,259.00,23.55,31.08
2050,NB40353,OUT,18.05.2026,25.05.2026,18.05.2026,OLD,EUR,150.00,13.64,18.00
2050,NB40353,OUT,18.05.2026,25.05.2026,19.05.2026,OLD,EUR,150.00,13.64,18.00
2050,NB40353,OUT,18.05.2026,25.05.2026,20.05.2026,OLD,EUR,150.00,13.64,18.00
2050,NB40353,OUT,18.05.2026,25.05.2026,21.05.2026,OLD,EUR,150.00,13.64,18.00
2050,NB40353,OUT,18.05.2026,25.05.2026,22.05.2026,OLD,EUR,150.00,13.64,18.00
2050,NB40353,OUT,18.05.2026,25.05.2026,23.05.2026,OLD,EUR,150.00,13.64,18.00
2050,NB40353,OUT,18.05.2026,25.05.2026,24.05.2026,OLD,EUR,150.00,13.64,18.00
2050,NB40354,OK,04.06.2026,11.06.2026,04.06.2026,STD,EUR,155.00,14.09,18.60
2050,NB40354,OK,04.06.2026,11.06.2026,05.06.2026,STD,EUR,155.00,14.09,18.60
2050,NB40354,OK,04.06.2026,11.06.2026,06.06.2026,STD,EUR,155.00,14.09,18.60
2050,NB40354,OK,04.06.2026,11.06.2026,07.06.2026,STD,EUR,155.00,14.09,18.60
2050,NB40354,OK,04.06.2026,11.06.2026,08.06.2026,STD,EUR,155.00,14.09,18.60
2050,NB40354,OK,04.06.2026,11.06.2026,09.06.2026,STD,EUR,155.00,14.09,18.60
2050,NB40354,OK,04.06.2026,11.06.2026,10.06.2026,STD,EUR,155.00,14.09,18.60
2050,NB40356,OUT,18.06.2026,20.06.2026,18.06.2026,STD,EUR,129.00,11.73,15.48
2050,NB40356,OUT,18.06.2026,20.06.2026,19.06.2026,STD,EUR,129.00,11.73,15.48
2050,NB40359,OK,28.06.2026,29.06.2026,28.06.2026,STE,EUR,371.00,33.73,44.52
2050,NB40362,OK,14.05.2026,17.05.2026,14.05.2026,OLD,EUR,150.00,13.64,18.00
2050,NB40362,OK,14.05.2026,17.05.2026,15.05.2026,OLD,EUR,150.00,13.64,18.00
2050,NB40362,OK,14.05.2026,17.05.2026,16.05.2026,OLD,EUR,150.00,13.64,18.00
2050,NB40365,CXL,08.04.2026,11.04.2026,08.04.2026,OLD,EUR,150.00,13.64,18.00
2050,NB40365,CXL,08.04.2026,11.04.2026,09.04.2026,OLD,EUR,150.00,13.64,18.00
2050,NB40365,CXL,08.04.2026,11.04.2026,10.04.2026,OLD,EUR,150.00,13.64,18.00
2050,NB40368,OK,30.04.2026,04.05.2026,01.05.2026,OLD,EUR,150.00,13.64,18.00
2050,NB40368,OK,30.04.2026,04.05.2026,02.05.2026,OLD,EUR,150.00,13.64,18.00
2050,NB40368,OK,30.04.2026,04.05.2026,03.05.2026,OLD,EUR,150.00,13.64,18.00
2050,NB40368,OK,30.04.2026,04.05.2026,30.04.2026,OLD,EUR,150.00,13.64,18.00
2050,NB40370,OUT,12.06.2026,14.06.2026,12.06.2026,STE,EUR,301.00,27.36,36.12
2050,NB40370,OUT,12.06.2026,14.06.2026,13.06.2026,STE,EUR,301.00,27.36,36.12
2050,NB40373,OUT,03.04.2026,07.04.2026,03.04.2026,STE,EUR,269.00,24.45,32.28
2050,NB40373,OUT,03.04.2026,07.04.2026,04.04.2026,STE,EUR,269.00,24.45,32.28
2050,NB40373,OUT,03.04.2026,07.04.2026,05.04.2026,STE,EUR,269.00,24.45,32.28
2050,NB40373,OUT,03.04.2026,07.04.2026,06.04.2026,STE,EUR,269.00,24.45,32.28
2050,NB40375,OK,05.04.2026,07.04.2026,05.04.2026,STD,EUR,137.00,12.45,16.44
2050,NB40375,OK,05.04.2026,07.04.2026,06.04.2026,STD,EUR,137.00,12.45,16.44
2050,NB40376,NOSHOW,15.04.2026,18.04.2026,15.04.2026,STD,EUR,165.00,15.00,19.80
2050,NB40376,NOSHOW,15.04.2026,18.04.2026,16.04.2026,STD,EUR,165.00,15.00,19.80
2050,NB40376,NOSHOW,15.04.2026,18.04.2026,17.04.2026,STD,EUR,165.00,15.00,19.80
2050,NB40378,OK,27.04.2026,29.04.2026,27.04.2026,STE,EUR,282.00,25.64,33.84
2050,NB40378,OK,27.04.2026,29.04.2026,28.04.2026,STE,EUR,282.00,25.64,33.84
2050,NB40381,CXL,10.05.2026,14.05.2026,10.05.2026,SUP,EUR,160.00,14.55,19.20
2050,NB40381,CXL,10.05.2026,14.05.2026,11.05.2026,SUP,EUR,160.00,14.55,19.20
2050,NB40381,CXL,10.05.2026,14.05.2026,12.05.2026,SUP,EUR,160.00,14.55,19.20
2050,NB40381,CXL,10.05.2026,14.05.2026,13.05.2026,SUP,EUR,160.00,14.55,19.20
2050,NB40383,OUT,07.04.2026,09.04.2026,07.04.2026,SUP,EUR,152.00,13.82,18.24
2050,NB40383,OUT,07.04.2026,09.04.2026,08.04.2026,SUP,EUR,152.00,13.82,18.24
2050,NB40384,OUT,23.05.2026,24.05.2026,23.05.2026,SUP,EUR,165.00,15.00,19.80
2050,NB40387,OUT,14.05.2026,15.05.2026,14.05.2026,OLD,EUR,150.00,13.64,18.00
2050,NB40388,OK,03.06.2026,10.06.2026,03.06.2026,OLD,EUR,150.00,13.64,18.00
2050,NB40388,OK,03.06.2026,10.06.2026,04.06.2026,OLD,EUR,150.00,13.64,18.00
2050,NB40388,OK,03.06.2026,10.06.2026,05.06.2026,OLD,EUR,150.00,13.64,18.00
2050,NB40388,OK,03.06.2026,10.06.2026,06.06.2026,OLD,EUR,150.00,13.64,18.00
2050,NB40388,OK,03.06.2026,10.06.2026,07.06.2026,OLD,EUR,150.00,13.64,18.00
2050,NB40388,OK,03.06.2026,10.06.2026,08.06.2026,OLD,EUR,150.00,13.64,18.00
2050,NB40388,OK,03.06.2026,10.06.2026,09.06.2026,OLD,EUR,150.00,13.64,18.00
2050,NB40391,OUT,15.06.2026,19.06.2026,15.06.2026,STD,EUR,160.00,14.55,19.20
2050,NB40391,OUT,15.06.2026,19.06.2026,16.06.2026,STD,EUR,160.00,14.55,19.20
2050,NB40391,OUT,15.06.2026,19.06.2026,17.06.2026,STD,EUR,160.00,14.55,19.20
2050,NB40391,OUT,15.06.2026,19.06.2026,18.06.2026,STD,EUR,160.00,14.55,19.20
2050,NB40392,OUT,31.05.2026,01.06.2026,31.05.2026,STD,EUR,123.00,11.18,14.76
2050,NB40395,OUT,03.04.2026,04.04.2026,03.04.2026,SUP,EUR,224.00,20.36,26.88
2050,NB40398,NOSHOW,12.05.2026,15.05.2026,12.05.2026,SUP,EUR,192.00,17.45,23.04
2050,NB40398,NOSHOW,12.05.2026,15.05.2026,13.05.2026,SUP,EUR,192.00,17.45,23.04
2050,NB40398,NOSHOW,12.05.2026,15.05.2026,14.05.2026,SUP,EUR,192.00,17.45,23.04
2050,NB40400,OUT,13.06.2026,15.06.2026,13.06.2026,STD,EUR,141.00,12.82,16.92
2050,NB40400,OUT,13.06.2026,15.06.2026,14.06.2026,STD,EUR,141.00,12.82,16.92
2050,NB40403,OUT,13.05.2026,15.05.2026,13.05.2026,OLD,EUR,150.00,13.64,18.00
2050,NB40403,OUT,13.05.2026,15.05.2026,14.05.2026,OLD,EUR,150.00,13.64,18.00
2050,NB40404,OUT,18.05.2026,22.05.2026,18.05.2026,SUP,EUR,165.00,15.00,19.80
2050,NB40404,OUT,18.05.2026,22.05.2026,19.05.2026,SUP,EUR,165.00,15.00,19.80
2050,NB40404,OUT,18.05.2026,22.05.2026,20.05.2026,SUP,EUR,165.00,15.00,19.80
2050,NB40404,OUT,18.05.2026,22.05.2026,21.05.2026,SUP,EUR,165.00,15.00,19.80
2050,NB40405,OUT,29.04.2026,30.04.2026,29.04.2026,SUP,EUR,169.00,15.36,20.28
2050,NB40407,OK,28.06.2026,02.07.2026,01.07.2026,STD,EUR,116.00,10.55,13.92
2050,NB40407,OK,28.06.2026,02.07.2026,28.06.2026,STD,EUR,116.00,10.55,13.92
2050,NB40407,OK,28.06.2026,02.07.2026,29.06.2026,STD,EUR,116.00,10.55,13.92
2050,NB40407,OK,28.06.2026,02.07.2026,30.06.2026,STD,EUR,116.00,10.55,13.92
2050,NB40410,OUT,20.06.2026,23.06.2026,20.06.2026,OLD,EUR,150.00,13.64,18.00
2050,NB40410,OUT,20.06.2026,23.06.2026,21.06.2026,OLD,EUR,150.00,13.64,18.00
2050,NB40410,OUT,20.06.2026,23.06.2026,22.06.2026,OLD,EUR,150.00,13.64,18.00
2050,NB40411,CXL,22.06.2026,29.06.2026,22.06.2026,STD,EUR,130.00,11.82,15.60
2050,NB40411,CXL,22.06.2026,29.06.2026,23.06.2026,STD,EUR,130.00,11.82,15.60
2050,NB40411,CXL,22.06.2026,29.06.2026,24.06.2026,STD,EUR,130.00,11.82,15.60
2050,NB40411,CXL,22.06.2026,29.06.2026,25.06.2026,STD,EUR,130.00,11.82,15.60
2050,NB40411,CXL,22.06.2026,29.06.2026,26.06.2026,STD,EUR,130.00,11.82,15.60
2050,NB40411,CXL,22.06.2026,29.06.2026,27.06.2026,STD,EUR,130.00,11.82,15.60
2050,NB40411,CXL,22.06.2026,29.06.2026,28.06.2026,STD,EUR,130.00,11.82,15.60
2050,NB40414,CXL,12.06.2026,15.06.2026,12.06.2026,STD,EUR,136.00,12.36,16.32
2050,NB40414,CXL,12.06.2026,15.06.2026,13.06.2026,STD,EUR,136.00,12.36,16.32
2050,NB40414,CXL,12.06.2026,15.06.2026,14.06.2026,STD,EUR,136.00,12.36,16.32
2050,NB40415,OUT,22.06.2026,24.06.2026,22.06.2026,SUP,EUR,219.00,19.91,26.28
2050,NB40415,OUT,22.06.2026,24.06.2026,23.06.2026,SUP,EUR,219.00,19.91,26.28
2050,NB40418,OUT,07.05.2026,08.05.2026,07.05.2026,STE,EUR,368.00,33.45,44.16
2050,NB40421,OUT,16.04.2026,18.04.2026,16.04.2026,SUP,EUR,152.00,13.82,18.24
2050,NB40421,OUT,16.04.2026,18.04.2026,17.04.2026,SUP,EUR,152.00,13.82,18.24
2050,NB40424,OUT,17.04.2026,18.04.2026,17.04.2026,OLD,EUR,150.00,13.64,18.00
2050,NB40425,OUT,18.04.2026,20.04.2026,18.04.2026,STD,EUR,113.00,10.27,13.56
2050,NB40425,OUT,18.04.2026,20.04.2026,19.04.2026,STD,EUR,113.00,10.27,13.56
2050,NB40428,OUT,04.06.2026,11.06.2026,04.06.2026,SUP,EUR,226.00,20.55,27.12
2050,NB40428,OUT,04.06.2026,11.06.2026,05.06.2026,SUP,EUR,226.00,20.55,27.12
2050,NB40428,OUT,04.06.2026,11.06.2026,06.06.2026,SUP,EUR,226.00,20.55,27.12
2050,NB40428,OUT,04.06.2026,11.06.2026,07.06.2026,SUP,EUR,226.00,20.55,27.12
2050,NB40428,OUT,04.06.2026,11.06.2026,08.06.2026,SUP,EUR,226.00,20.55,27.12
2050,NB40428,OUT,04.06.2026,11.06.2026,09.06.2026,SUP,EUR,226.00,20.55,27.12
2050,NB40428,OUT,04.06.2026,11.06.2026,10.06.2026,SUP,EUR,226.00,20.55,27.12
2050,NB40430,CXL,25.05.2026,29.05.2026,25.05.2026,STE,EUR,352.00,32.00,42.24
2050,NB40430,CXL,25.05.2026,29.05.2026,26.05.2026,STE,EUR,352.00,32.00,42.24
2050,NB40430,CXL,25.05.2026,29.05.2026,27.05.2026,STE,EUR,352.00,32.00,42.24
2050,NB40430,CXL,25.05.2026,29.05.2026,28.05.2026,STE,EUR,352.00,32.00,42.24
2050,NB40432,CXL,09.04.2026,10.04.2026,09.04.2026,OLD,EUR,150.00,13.64,18.00
2050,NB40433,OUT,27.05.2026,31.05.2026,27.05.2026,SUP,EUR,160.00,14.55,19.20
2050,NB40433,OUT,27.05.2026,31.05.2026,28.05.2026,SUP,EUR,160.00,14.55,19.20
2050,NB40433,OUT,27.05.2026,31.05.2026,29.05.2026,SUP,EUR,160.00,14.55,19.20
2050,NB40433,OUT,27.05.2026,31.05.2026,30.05.2026,SUP,EUR,160.00,14.55,19.20
2050,NB40435,CXL,02.06.2026,04.06.2026,02.06.2026,STE,EUR,336.00,30.55,40.32
2050,NB40435,CXL,02.06.2026,04.06.2026,03.06.2026,STE,EUR,336.00,30.55,40.32
2050,NB40437,OK,09.05.2026,10.05.2026,09.05.2026,STD,EUR,127.00,11.55,15.24
2050,NB40440,OUT,10.06.2026,14.06.2026,10.06.2026,STD,EUR,160.00,14.55,19.20
2050,NB40440,OUT,10.06.2026,14.06.2026,11.06.2026,STD,EUR,160.00,14.55,19.20
2050,NB40440,OUT,10.06.2026,14.06.2026,12.06.2026,STD,EUR,160.00,14.55,19.20
2050,NB40440,OUT,10.06.2026,14.06.2026,13.06.2026,STD,EUR,160.00,14.55,19.20
2050,NB40443,OUT,15.05.2026,16.05.2026,15.05.2026,OLD,EUR,150.00,13.64,18.00
2050,NB40445,OUT,04.05.2026,08.05.2026,04.05.2026,STE,EUR,275.00,25.00,33.00
2050,NB40445,OUT,04.05.2026,08.05.2026,05.05.2026,STE,EUR,275.00,25.00,33.00
2050,NB40445,OUT,04.05.2026,08.05.2026,06.05.2026,STE,EUR,275.00,25.00,33.00
2050,NB40445,OUT,04.05.2026,08.05.2026,07.05.2026,STE,EUR,275.00,25.00,33.00
2050,NB40448,OUT,15.04.2026,16.04.2026,15.04.2026,STE,EUR,282.00,25.64,33.84
2050,NB40451,NOSHOW,05.06.2026,06.06.2026,05.06.2026,SUP,EUR,177.00,16.09,21.24
2050,NB40453,OUT,14.06.2026,17.06.2026,14.06.2026,SUP,EUR,181.00,16.45,21.72
2050,NB40453,OUT,14.06.2026,17.06.2026,15.06.2026,SUP,EUR,181.00,16.45,21.72
2050,NB40453,OUT,14.06.2026,17.06.2026,16.06.2026,SUP,EUR,181.00,16.45,21.72
2050,NB40455,OUT,24.04.2026,25.04.2026,24.04.2026,STE,EUR,291.00,26.45,34.92
2050,NB40456,OK,19.05.2026,21.05.2026,19.05.2026,OLD,EUR,150.00,13.64,18.00
2050,NB40456,OK,19.05.2026,21.05.2026,20.05.2026,OLD,EUR,150.00,13.64,18.00
2050,NB40459,OK,25.06.2026,27.06.2026,25.06.2026,STE,EUR,307.00,27.91,36.84
2050,NB40459,OK,25.06.2026,27.06.2026,26.06.2026,STE,EUR,307.00,27.91,36.84
2050,NB40460,OUT,15.04.2026,16.04.2026,15.04.2026,SUP,EUR,224.00,20.36,26.88
2050,NB40462,OUT,21.06.2026,23.06.2026,21.06.2026,STE,EUR,269.00,24.45,32.28
2050,NB40462,OUT,21.06.2026,23.06.2026,22.06.2026,STE,EUR,269.00,24.45,32.28
2050,NB40465,OUT,21.05.2026,23.05.2026,21.05.2026,STE,EUR,349.00,31.73,41.88
2050,NB40465,OUT,21.05.2026,23.05.2026,22.05.2026,STE,EUR,349.00,31.73,41.88
2050,NB40467,OUT,22.06.2026,29.06.2026,22.06.2026,STD,EUR,140.00,12.73,16.80
2050,NB40467,OUT,22.06.2026,29.06.2026,23.06.2026,STD,EUR,140.00,12.73,16.80
2050,NB40467,OUT,22.06.2026,29.06.2026,24.06.2026,STD,EUR,140.00,12.73,16.80
2050,NB40467,OUT,22.06.2026,29.06.2026,25.06.2026,STD,EUR,140.00,12.73,16.80
2050,NB40467,OUT,22.06.2026,29.06.2026,26.06.2026,STD,EUR,140.00,12.73,16.80
2050,NB40467,OUT,22.06.2026,29.06.2026,27.06.2026,STD,EUR,140.00,12.73,16.80
2050,NB40467,OUT,22.06.2026,29.06.2026,28.06.2026,STD,EUR,140.00,12.73,16.80
2050,NB40468,OUT,11.04.2026,14.04.2026,11.04.2026,STD,EUR,139.00,12.64,16.68
2050,NB40468,OUT,11.04.2026,14.04.2026,12.04.2026,STD,EUR,139.00,12.64,16.68
2050,NB40468,OUT,11.04.2026,14.04.2026,13.04.2026,STD,EUR,139.00,12.64,16.68
2050,NB40470,OUT,25.04.2026,29.04.2026,25.04.2026,STD,EUR,165.00,15.00,19.80
2050,NB40470,OUT,25.04.2026,29.04.2026,26.04.2026,STD,EUR,165.00,15.00,19.80
2050,NB40470,OUT,25.04.2026,29.04.2026,27.04.2026,STD,EUR,165.00,15.00,19.80
2050,NB40470,OUT,25.04.2026,29.04.2026,28.04.2026,STD,EUR,165.00,15.00,19.80
2050,NB40473,OUT,26.06.2026,28.06.2026,26.06.2026,STE,EUR,349.00,31.73,41.88
2050,NB40473,OUT,26.06.2026,28.06.2026,27.06.2026,STE,EUR,349.00,31.73,41.88
2050,NB40475,OUT,15.04.2026,19.04.2026,15.04.2026,STE,EUR,371.00,33.73,44.52
2050,NB40475,OUT,15.04.2026,19.04.2026,16.04.2026,STE,EUR,371.00,33.73,44.52
2050,NB40475,OUT,15.04.2026,19.04.2026,17.04.2026,STE,EUR,371.00,33.73,44.52
2050,NB40475,OUT,15.04.2026,19.04.2026,18.04.2026,STE,EUR,371.00,33.73,44.52
2050,NB40477,OUT,21.04.2026,22.04.2026,21.04.2026,SUP,EUR,158.00,14.36,18.96
2050,NB40478,CXL,31.05.2026,07.06.2026,01.06.2026,OLD,EUR,150.00,13.64,18.00
2050,NB40478,CXL,31.05.2026,07.06.2026,02.06.2026,OLD,EUR,150.00,13.64,18.00
2050,NB40478,CXL,31.05.2026,07.06.2026,03.06.2026,OLD,EUR,150.00,13.64,18.00
2050,NB40478,CXL,31.05.2026,07.06.2026,04.06.2026,OLD,EUR,150.00,13.64,18.00
2050,NB40478,CXL,31.05.2026,07.06.2026,05.06.2026,OLD,EUR,150.00,13.64,18.00
2050,NB40478,CXL,31.05.2026,07.06.2026,06.06.2026,OLD,EUR,150.00,13.64,18.00
2050,NB40478,CXL,31.05.2026,07.06.2026,31.05.2026,OLD,EUR,150.00,13.64,18.00
2050,NB40481,OUT,16.05.2026,18.05.2026,16.05.2026,STE,EUR,259.00,23.55,31.08
2050,NB40481,OUT,16.05.2026,18.05.2026,17.05.2026,STE,EUR,259.00,23.55,31.08
2050,NB40482,OUT,11.06.2026,13.06.2026,11.06.2026,STD,EUR,167.00,15.18,20.04
2050,NB40482,OUT,11.06.2026,13.06.2026,12.06.2026,STD,EUR,167.00,15.18,20.04
2050,NB40485,CXL,25.06.2026,28.06.2026,25.06.2026,SUP,EUR,182.00,16.55,21.84
2050,NB40485,CXL,25.06.2026,28.06.2026,26.06.2026,SUP,EUR,182.00,16.55,21.84
2050,NB40485,CXL,25.06.2026,28.06.2026,27.06.2026,SUP,EUR,182.00,16.55,21.84
2050,NB40488,OUT,30.04.2026,07.05.2026,01.05.2026,STE,EUR,278.00,25.27,33.36
2050,NB40488,OUT,30.04.2026,07.05.2026,02.05.2026,STE,EUR,278.00,25.27,33.36
2050,NB40488,OUT,30.04.2026,07.05.2026,03.05.2026,STE,EUR,278.00,25.27,33.36
2050,NB40488,OUT,30.04.2026,07.05.2026,04.05.2026,STE,EUR,278.00,25.27,33.36
2050,NB40488,OUT,30.04.2026,07.05.2026,05.05.2026,STE,EUR,278.00,25.27,33.36
2050,NB40488,OUT,30.04.2026,07.05.2026,06.05.2026,STE,EUR,278.00,25.27,33.36
2050,NB40488,OUT,30.04.2026,07.05.2026,30.04.2026,STE,EUR,278.00,25.27,33.36
2050,NB40489,OUT,16.04.2026,17.04.2026,16.04.2026,STD,EUR,137.00,12.45,16.44
2050,NB40490,OUT,15.04.2026,19.04.2026,15.04.2026,STE,EUR,362.00,32.91,43.44
2050,NB40490,OUT,15.04.2026,19.04.2026,16.04.2026,STE,EUR,362.00,32.91,43.44
2050,NB40490,OUT,15.04.2026,19.04.2026,17.04.2026,STE,EUR,362.00,32.91,43.44
2050,NB40490,OUT,15.04.2026,19.04.2026,18.04.2026,STE,EUR,362.00,32.91,43.44
2050,NB40493,OUT,06.04.2026,07.04.2026,06.04.2026,STD,EUR,158.00,14.36,18.96
2050,NB40496,NOSHOW,22.05.2026,26.05.2026,22.05.2026,STE,EUR,298.00,27.09,35.76
2050,NB40496,NOSHOW,22.05.2026,26.05.2026,23.05.2026,STE,EUR,298.00,27.09,35.76
2050,NB40496,NOSHOW,22.05.2026,26.05.2026,24.05.2026,STE,EUR,298.00,27.09,35.76
2050,NB40496,NOSHOW,22.05.2026,26.05.2026,25.05.2026,STE,EUR,298.00,27.09,35.76
2050,NB40498,OK,07.06.2026,09.06.2026,07.06.2026,SUP,EUR,213.00,19.36,25.56
2050,NB40498,OK,07.06.2026,09.06.2026,08.06.2026,SUP,EUR,213.00,19.36,25.56
2050,NB40500,OK,22.05.2026,24.05.2026,22.05.2026,OLD,EUR,150.00,13.64,18.00
2050,NB40500,OK,22.05.2026,24.05.2026,23.05.2026,OLD,EUR,150.00,13.64,18.00
2050,NB40503,OK,09.06.2026,11.06.2026,09.06.2026,STD,EUR,146.00,13.27,17.52
2050,NB40503,OK,09.06.2026,11.06.2026,10.06.2026,STD,EUR,146.00,13.27,17.52
2050,NB40504,OUT,03.04.2026,06.04.2026,03.04.2026,STD,EUR,160.00,14.55,19.20
2050,NB40504,OUT,03.04.2026,06.04.2026,04.04.2026,STD,EUR,160.00,14.55,19.20
2050,NB40504,OUT,03.04.2026,06.04.2026,05.04.2026,STD,EUR,160.00,14.55,19.20
2050,NB40507,OUT,18.04.2026,19.04.2026,18.04.2026,SUP,EUR,167.00,15.18,20.04
2050,NB40508,OUT,27.05.2026,31.05.2026,27.05.2026,STD,EUR,133.00,12.09,15.96
2050,NB40508,OUT,27.05.2026,31.05.2026,28.05.2026,STD,EUR,133.00,12.09,15.96
2050,NB40508,OUT,27.05.2026,31.05.2026,29.05.2026,STD,EUR,133.00,12.09,15.96
2050,NB40508,OUT,27.05.2026,31.05.2026,30.05.2026,STD,EUR,133.00,12.09,15.96
2050,NB40510,OK,30.05.2026,31.05.2026,30.05.2026,STD,EUR,126.00,11.45,15.12
2050,NB40512,OUT,13.05.2026,16.05.2026,13.05.2026,SUP,EUR,201.00,18.27,24.12
2050,NB40512,OUT,13.05.2026,16.05.2026,14.05.2026,SUP,EUR,201.00,18.27,24.12
2050,NB40512,OUT,13.05.2026,16.05.2026,15.05.2026,SUP,EUR,201.00,18.27,24.12
2050,NB40514,OUT,24.06.2026,26.06.2026,24.06.2026,OLD,EUR,150.00,13.64,18.00
2050,NB40514,OUT,24.06.2026,26.06.2026,25.06.2026,OLD,EUR,150.00,13.64,18.00
2050,NB40517,OK,28.04.2026,01.05.2026,28.04.2026,STE,EUR,275.00,25.00,33.00
2050,NB40517,OK,28.04.2026,01.05.2026,29.04.2026,STE,EUR,275.00,25.00,33.00
2050,NB40517,OK,28.04.2026,01.05.2026,30.04.2026,STE,EUR,275.00,25.00,33.00
2050,NB40519,OK,27.04.2026,04.05.2026,01.05.2026,OLD,EUR,150.00,13.64,18.00
2050,NB40519,OK,27.04.2026,04.05.2026,02.05.2026,OLD,EUR,150.00,13.64,18.00
2050,NB40519,OK,27.04.2026,04.05.2026,03.05.2026,OLD,EUR,150.00,13.64,18.00
2050,NB40519,OK,27.04.2026,04.05.2026,27.04.2026,OLD,EUR,150.00,13.64,18.00
2050,NB40519,OK,27.04.2026,04.05.2026,28.04.2026,OLD,EUR,150.00,13.64,18.00
2050,NB40519,OK,27.04.2026,04.05.2026,29.04.2026,OLD,EUR,150.00,13.64,18.00
2050,NB40519,OK,27.04.2026,04.05.2026,30.04.2026,OLD,EUR,150.00,13.64,18.00
2050,NB40521,CXL,22.06.2026,26.06.2026,22.06.2026,STD,EUR,132.00,12.00,15.84
2050,NB40521,CXL,22.06.2026,26.06.2026,23.06.2026,STD,EUR,132.00,12.00,15.84
2050,NB40521,CXL,22.06.2026,26.06.2026,24.06.2026,STD,EUR,132.00,12.00,15.84
2050,NB40521,CXL,22.06.2026,26.06.2026,25.06.2026,STD,EUR,132.00,12.00,15.84
2050,NB40524,OUT,25.04.2026,27.04.2026,25.04.2026,OLD,EUR,150.00,13.64,18.00
2050,NB40524,OUT,25.04.2026,27.04.2026,26.04.2026,OLD,EUR,150.00,13.64,18.00
2050,NB40526,OUT,03.04.2026,04.04.2026,03.04.2026,STE,EUR,272.00,24.73,32.64
2050,NB40528,OUT,26.04.2026,27.04.2026,26.04.2026,STD,EUR,160.00,14.55,19.20
2050,NB40531,OUT,07.05.2026,11.05.2026,07.05.2026,STD,EUR,150.00,13.64,18.00
2050,NB40531,OUT,07.05.2026,11.05.2026,08.05.2026,STD,EUR,150.00,13.64,18.00
2050,NB40531,OUT,07.05.2026,11.05.2026,09.05.2026,STD,EUR,150.00,13.64,18.00
2050,NB40531,OUT,07.05.2026,11.05.2026,10.05.2026,STD,EUR,150.00,13.64,18.00
2050,NB40532,CXL,13.05.2026,20.05.2026,13.05.2026,STE,EUR,278.00,25.27,33.36
2050,NB40532,CXL,13.05.2026,20.05.2026,14.05.2026,STE,EUR,278.00,25.27,33.36
2050,NB40532,CXL,13.05.2026,20.05.2026,15.05.2026,STE,EUR,278.00,25.27,33.36
2050,NB40532,CXL,13.05.2026,20.05.2026,16.05.2026,STE,EUR,278.00,25.27,33.36
2050,NB40532,CXL,13.05.2026,20.05.2026,17.05.2026,STE,EUR,278.00,25.27,33.36
2050,NB40532,CXL,13.05.2026,20.05.2026,18.05.2026,STE,EUR,278.00,25.27,33.36
2050,NB40532,CXL,13.05.2026,20.05.2026,19.05.2026,STE,EUR,278.00,25.27,33.36
2050,NB40533,NOSHOW,12.06.2026,15.06.2026,12.06.2026,STD,EUR,137.00,12.45,16.44
2050,NB40533,NOSHOW,12.06.2026,15.06.2026,13.06.2026,STD,EUR,137.00,12.45,16.44
2050,NB40533,NOSHOW,12.06.2026,15.06.2026,14.06.2026,STD,EUR,137.00,12.45,16.44
2050,NB40535,OUT,22.06.2026,23.06.2026,22.06.2026,OLD,EUR,150.00,13.64,18.00
2050,NB40537,OUT,08.05.2026,11.05.2026,08.05.2026,OLD,EUR,150.00,13.64,18.00
2050,NB40537,OUT,08.05.2026,11.05.2026,09.05.2026,OLD,EUR,150.00,13.64,18.00
2050,NB40537,OUT,08.05.2026,11.05.2026,10.05.2026,OLD,EUR,150.00,13.64,18.00
2050,NB40540,OUT,12.06.2026,16.06.2026,12.06.2026,OLD,EUR,150.00,13.64,18.00
2050,NB40540,OUT,12.06.2026,16.06.2026,13.06.2026,OLD,EUR,150.00,13.64,18.00
2050,NB40540,OUT,12.06.2026,16.06.2026,14.06.2026,OLD,EUR,150.00,13.64,18.00
2050,NB40540,OUT,12.06.2026,16.06.2026,15.06.2026,OLD,EUR,150.00,13.64,18.00
2050,NB40541,OUT,12.06.2026,13.06.2026,12.06.2026,SUP,EUR,205.00,18.64,24.60
2050,NB40544,OUT,18.04.2026,20.04.2026,18.04.2026,OLD,EUR,150.00,13.64,18.00
2050,NB40544,OUT,18.04.2026,20.04.2026,19.04.2026,OLD,EUR,150.00,13.64,18.00
2050,NB40547,OUT,18.06.2026,20.06.2026,18.06.2026,STE,EUR,291.00,26.45,34.92
2050,NB40547,OUT,18.06.2026,20.06.2026,19.06.2026,STE,EUR,291.00,26.45,34.92
2050,NB40549,OUT,14.06.2026,16.06.2026,14.06.2026,OLD,EUR,150.00,13.64,18.00
2050,NB40549,OUT,14.06.2026,16.06.2026,15.06.2026,OLD,EUR,150.00,13.64,18.00
2050,NB40550,OUT,09.04.2026,16.04.2026,09.04.2026,STD,EUR,115.00,10.45,13.80
2050,NB40550,OUT,09.04.2026,16.04.2026,10.04.2026,STD,EUR,115.00,10.45,13.80
2050,NB40550,OUT,09.04.2026,16.04.2026,11.04.2026,STD,EUR,115.00,10.45,13.80
2050,NB40550,OUT,09.04.2026,16.04.2026,12.04.2026,STD,EUR,115.00,10.45,13.80
2050,NB40550,OUT,09.04.2026,16.04.2026,13.04.2026,STD,EUR,115.00,10.45,13.80
2050,NB40550,OUT,09.04.2026,16.04.2026,14.04.2026,STD,EUR,115.00,10.45,13.80
2050,NB40550,OUT,09.04.2026,16.04.2026,15.04.2026,STD,EUR,115.00,10.45,13.80
2050,NB40551,OUT,11.04.2026,12.04.2026,11.04.2026,STD,EUR,134.00,12.18,16.08
2050,NB40552,OK,16.05.2026,19.05.2026,16.05.2026,STD,EUR,140.00,12.73,16.80
2050,NB40552,OK,16.05.2026,19.05.2026,17.05.2026,STD,EUR,140.00,12.73,16.80
2050,NB40552,OK,16.05.2026,19.05.2026,18.05.2026,STD,EUR,140.00,12.73,16.80
2050,NB40554,CXL,25.06.2026,27.06.2026,25.06.2026,SUP,EUR,217.00,19.73,26.04
2050,NB40554,CXL,25.06.2026,27.06.2026,26.06.2026,SUP,EUR,217.00,19.73,26.04
2050,NB40557,OUT,24.06.2026,28.06.2026,24.06.2026,OLD,EUR,150.00,13.64,18.00
2050,NB40557,OUT,24.06.2026,28.06.2026,25.06.2026,OLD,EUR,150.00,13.64,18.00
2050,NB40557,OUT,24.06.2026,28.06.2026,26.06.2026,OLD,EUR,150.00,13.64,18.00
2050,NB40557,OUT,24.06.2026,28.06.2026,27.06.2026,OLD,EUR,150.00,13.64,18.00
2050,NB40559,OK,19.04.2026,21.04.2026,19.04.2026,SUP,EUR,200.00,18.18,24.00
2050,NB40559,OK,19.04.2026,21.04.2026,20.04.2026,SUP,EUR,200.00,18.18,24.00
2050,NB40561,OK,01.04.2026,03.04.2026,01.04.2026,STE,EUR,384.00,34.91,46.08
2050,NB40561,OK,01.04.2026,03.04.2026,02.04.2026,STE,EUR,384.00,34.91,46.08
2050,NB40563,OUT,12.06.2026,14.06.2026,12.06.2026,STD,EUR,130.00,11.82,15.60
2050,NB40563,OUT,12.06.2026,14.06.2026,13.06.2026,STD,EUR,130.00,11.82,15.60
2050,NB40564,OUT,20.04.2026,22.04.2026,20.04.2026,OLD,EUR,150.00,13.64,18.00
2050,NB40564,OUT,20.04.2026,22.04.2026,21.04.2026,OLD,EUR,150.00,13.64,18.00
2050,NB40566,OUT,24.05.2026,26.05.2026,24.05.2026,OLD,EUR,150.00,13.64,18.00
2050,NB40566,OUT,24.05.2026,26.05.2026,25.05.2026,OLD,EUR,150.00,13.64,18.00
2050,NB40568,OUT,22.05.2026,24.05.2026,22.05.2026,OLD,EUR,150.00,13.64,18.00
2050,NB40568,OUT,22.05.2026,24.05.2026,23.05.2026,OLD,EUR,150.00,13.64,18.00
2050,NB40569,OK,12.06.2026,14.06.2026,12.06.2026,STD,EUR,165.00,15.00,19.80
2050,NB40569,OK,12.06.2026,14.06.2026,13.06.2026,STD,EUR,165.00,15.00,19.80
2050,NB40572,OUT,16.05.2026,17.05.2026,16.05.2026,OLD,EUR,150.00,13.64,18.00
2050,NB40574,NOSHOW,20.06.2026,22.06.2026,20.06.2026,STD,EUR,154.00,14.00,18.48
2050,NB40574,NOSHOW,20.06.2026,22.06.2026,21.06.2026,STD,EUR,154.00,14.00,18.48
2050,NB40575,CXL,08.06.2026,09.06.2026,08.06.2026,OLD,EUR,150.00,13.64,18.00
2050,NB40577,OUT,11.04.2026,14.04.2026,11.04.2026,SUP,EUR,171.00,15.55,20.52
2050,NB40577,OUT,11.04.2026,14.04.2026,12.04.2026,SUP,EUR,171.00,15.55,20.52
2050,NB40577,OUT,11.04.2026,14.04.2026,13.04.2026,SUP,EUR,171.00,15.55,20.52
2050,NB40580,OK,15.06.2026,18.06.2026,15.06.2026,OLD,EUR,150.00,13.64,18.00
2050,NB40580,OK,15.06.2026,18.06.2026,16.06.2026,OLD,EUR,150.00,13.64,18.00
2050,NB40580,OK,15.06.2026,18.06.2026,17.06.2026,OLD,EUR,150.00,13.64,18.00
2050,NB40583,OK,07.04.2026,10.04.2026,07.04.2026,STD,EUR,147.00,13.36,17.64
2050,NB40583,OK,07.04.2026,10.04.2026,08.04.2026,STD,EUR,147.00,13.36,17.64
2050,NB40583,OK,07.04.2026,10.04.2026,09.04.2026,STD,EUR,147.00,13.36,17.64
2050,NB40586,OUT,02.06.2026,05.06.2026,02.06.2026,OLD,EUR,150.00,13.64,18.00
2050,NB40586,OUT,02.06.2026,05.06.2026,03.06.2026,OLD,EUR,150.00,13.64,18.00
2050,NB40586,OUT,02.06.2026,05.06.2026,04.06.2026,OLD,EUR,150.00,13.64,18.00
2050,NB40588,OK,28.06.2026,05.07.2026,01.07.2026,SUP,EUR,211.00,19.18,25.32
2050,NB40588,OK,28.06.2026,05.07.2026,02.07.2026,SUP,EUR,211.00,19.18,25.32
2050,NB40588,OK,28.06.2026,05.07.2026,03.07.2026,SUP,EUR,211.00,19.18,25.32
2050,NB40588,OK,28.06.2026,05.07.2026,04.07.2026,SUP,EUR,211.00,19.18,25.32
2050,NB40588,OK,28.06.2026,05.07.2026,28.06.2026,SUP,EUR,211.00,19.18,25.32
2050,NB40588,OK,28.06.2026,05.07.2026,29.06.2026,SUP,EUR,211.00,19.18,25.32
2050,NB40588,OK,28.06.2026,05.07.2026,30.06.2026,SUP,EUR,211.00,19.18,25.32
2050,NB40589,OUT,15.05.2026,17.05.2026,15.05.2026,STE,EUR,266.00,24.18,31.92
2050,NB40589,OUT,15.05.2026,17.05.2026,16.05.2026,STE,EUR,266.00,24.18,31.92
2050,NB40590,OUT,04.06.2026,07.06.2026,04.06.2026,OLD,EUR,150.00,13.64,18.00
2050,NB40590,OUT,04.06.2026,07.06.2026,05.06.2026,OLD,EUR,150.00,13.64,18.00
2050,NB40590,OUT,04.06.2026,07.06.2026,06.06.2026,OLD,EUR,150.00,13.64,18.00
2050,NB40591,CXL,01.06.2026,03.06.2026,01.06.2026,STE,EUR,336.00,30.55,40.32
2050,NB40591,CXL,01.06.2026,03.06.2026,02.06.2026,STE,EUR,336.00,30.55,40.32
2050,NB40592,OUT,15.05.2026,16.05.2026,15.05.2026,STE,EUR,269.00,24.45,32.28
2050,NB40594,OK,12.04.2026,14.04.2026,12.04.2026,STD,EUR,137.00,12.45,16.44
2050,NB40594,OK,12.04.2026,14.04.2026,13.04.2026,STD,EUR,137.00,12.45,16.44
2050,NB40595,NOSHOW,26.06.2026,03.07.2026,01.07.2026,STE,EUR,326.00,29.64,39.12
2050,NB40595,NOSHOW,26.06.2026,03.07.2026,02.07.2026,STE,EUR,326.00,29.64,39.12
2050,NB40595,NOSHOW,26.06.2026,03.07.2026,26.06.2026,STE,EUR,326.00,29.64,39.12
2050,NB40595,NOSHOW,26.06.2026,03.07.2026,27.06.2026,STE,EUR,326.00,29.64,39.12
2050,NB40595,NOSHOW,26.06.2026,03.07.2026,28.06.2026,STE,EUR,326.00,29.64,39.12
2050,NB40595,NOSHOW,26.06.2026,03.07.2026,29.06.2026,STE,EUR,326.00,29.64,39.12
2050,NB40595,NOSHOW,26.06.2026,03.07.2026,30.06.2026,STE,EUR,326.00,29.64,39.12
2050,NB40596,OUT,18.04.2026,21.04.2026,18.04.2026,OLD,EUR,150.00,13.64,18.00
2050,NB40596,OUT,18.04.2026,21.04.2026,19.04.2026,OLD,EUR,150.00,13.64,18.00
2050,NB40596,OUT,18.04.2026,21.04.2026,20.04.2026,OLD,EUR,150.00,13.64,18.00
2050,NB40597,OUT,23.06.2026,25.06.2026,23.06.2026,STE,EUR,266.00,24.18,31.92
2050,NB40597,OUT,23.06.2026,25.06.2026,24.06.2026,STE,EUR,266.00,24.18,31.92
2050,NB40599,OUT,21.05.2026,24.05.2026,21.05.2026,STE,EUR,339.00,30.82,40.68
2050,NB40599,OUT,21.05.2026,24.05.2026,22.05.2026,STE,EUR,339.00,30.82,40.68
2050,NB40599,OUT,21.05.2026,24.05.2026,23.05.2026,STE,EUR,339.00,30.82,40.68
2050,NB40601,OUT,14.04.2026,15.04.2026,14.04.2026,OLD,EUR,150.00,13.64,18.00
2050,NB40604,OK,11.06.2026,12.06.2026,11.06.2026,OLD,EUR,150.00,13.64,18.00
2050,NB40606,OUT,25.05.2026,01.06.2026,25.05.2026,OLD,EUR,150.00,13.64,18.00
2050,NB40606,OUT,25.05.2026,01.06.2026,26.05.2026,OLD,EUR,150.00,13.64,18.00
2050,NB40606,OUT,25.05.2026,01.06.2026,27.05.2026,OLD,EUR,150.00,13.64,18.00
2050,NB40606,OUT,25.05.2026,01.06.2026,28.05.2026,OLD,EUR,150.00,13.64,18.00
2050,NB40606,OUT,25.05.2026,01.06.2026,29.05.2026,OLD,EUR,150.00,13.64,18.00
2050,NB40606,OUT,25.05.2026,01.06.2026,30.05.2026,OLD,EUR,150.00,13.64,18.00
2050,NB40606,OUT,25.05.2026,01.06.2026,31.05.2026,OLD,EUR,150.00,13.64,18.00
2050,NB40607,OUT,15.05.2026,17.05.2026,15.05.2026,STD,EUR,165.00,15.00,19.80
2050,NB40607,OUT,15.05.2026,17.05.2026,16.05.2026,STD,EUR,165.00,15.00,19.80
2050,NB40610,CXL,08.05.2026,10.05.2026,08.05.2026,STD,EUR,119.00,10.82,14.28
2050,NB40610,CXL,08.05.2026,10.05.2026,09.05.2026,STD,EUR,119.00,10.82,14.28
2050,NB40612,OK,15.05.2026,22.05.2026,15.05.2026,OLD,EUR,150.00,13.64,18.00
2050,NB40612,OK,15.05.2026,22.05.2026,16.05.2026,OLD,EUR,150.00,13.64,18.00
2050,NB40612,OK,15.05.2026,22.05.2026,17.05.2026,OLD,EUR,150.00,13.64,18.00
2050,NB40612,OK,15.05.2026,22.05.2026,18.05.2026,OLD,EUR,150.00,13.64,18.00
2050,NB40612,OK,15.05.2026,22.05.2026,19.05.2026,OLD,EUR,150.00,13.64,18.00
2050,NB40612,OK,15.05.2026,22.05.2026,20.05.2026,OLD,EUR,150.00,13.64,18.00
2050,NB40612,OK,15.05.2026,22.05.2026,21.05.2026,OLD,EUR,150.00,13.64,18.00
2050,NB40614,OK,01.06.2026,02.06.2026,01.06.2026,OLD,EUR,150.00,13.64,18.00
2050,NB40617,OK,18.05.2026,25.05.2026,18.05.2026,SUP,EUR,192.00,17.45,23.04
2050,NB40617,OK,18.05.2026,25.05.2026,19.05.2026,SUP,EUR,192.00,17.45,23.04
2050,NB40617,OK,18.05.2026,25.05.2026,20.05.2026,SUP,EUR,192.00,17.45,23.04
2050,NB40617,OK,18.05.2026,25.05.2026,21.05.2026,SUP,EUR,192.00,17.45,23.04
2050,NB40617,OK,18.05.2026,25.05.2026,22.05.2026,SUP,EUR,192.00,17.45,23.04
2050,NB40617,OK,18.05.2026,25.05.2026,23.05.2026,SUP,EUR,192.00,17.45,23.04
2050,NB40617,OK,18.05.2026,25.05.2026,24.05.2026,SUP,EUR,192.00,17.45,23.04
2050,NB40619,OK,03.04.2026,06.04.2026,03.04.2026,STE,EUR,339.00,30.82,40.68
2050,NB40619,OK,03.04.2026,06.04.2026,04.04.2026,STE,EUR,339.00,30.82,40.68
2050,NB40619,OK,03.04.2026,06.04.2026,05.04.2026,STE,EUR,339.00,30.82,40.68
2050,NB40620,OUT,11.04.2026,12.04.2026,11.04.2026,SUP,EUR,217.00,19.73,26.04
2050,NB40623,OUT,26.04.2026,27.04.2026,26.04.2026,STE,EUR,304.00,27.64,36.48
2050,NB40624,NOSHOW,21.05.2026,28.05.2026,21.05.2026,OLD,EUR,150.00,13.64,18.00
2050,NB40624,NOSHOW,21.05.2026,28.05.2026,22.05.2026,OLD,EUR,150.00,13.64,18.00
2050,NB40624,NOSHOW,21.05.2026,28.05.2026,23.05.2026,OLD,EUR,150.00,13.64,18.00
2050,NB40624,NOSHOW,21.05.2026,28.05.2026,24.05.2026,OLD,EUR,150.00,13.64,18.00
2050,NB40624,NOSHOW,21.05.2026,28.05.2026,25.05.2026,OLD,EUR,150.00,13.64,18.00
2050,NB40624,NOSHOW,21.05.2026,28.05.2026,26.05.2026,OLD,EUR,150.00,13.64,18.00
2050,NB40624,NOSHOW,21.05.2026,28.05.2026,27.05.2026,OLD,EUR,150.00,13.64,18.00
2050,NB40627,OUT,04.05.2026,11.05.2026,04.05.2026,STD,EUR,133.00,12.09,15.96
2050,NB40627,OUT,04.05.2026,11.05.2026,05.05.2026,STD,EUR,133.00,12.09,15.96
2050,NB40627,OUT,04.05.2026,11.05.2026,06.05.2026,STD,EUR,133.00,12.09,15.96
2050,NB40627,OUT,04.05.2026,11.05.2026,07.05.2026,STD,EUR,133.00,12.09,15.96
2050,NB40627,OUT,04.05.2026,11.05.2026,08.05.2026,STD,EUR,133.00,12.09,15.96
2050,NB40627,OUT,04.05.2026,11.05.2026,09.05.2026,STD,EUR,133.00,12.09,15.96
2050,NB40627,OUT,04.05.2026,11.05.2026,10.05.2026,STD,EUR,133.00,12.09,15.96
2050,NB40628,NOSHOW,12.04.2026,13.04.2026,12.04.2026,STD,EUR,150.00,13.64,18.00
2050,NB40630,CXL,14.06.2026,16.06.2026,14.06.2026,OLD,EUR,150.00,13.64,18.00
2050,NB40630,CXL,14.06.2026,16.06.2026,15.06.2026,OLD,EUR,150.00,13.64,18.00
2050,NB40631,OUT,04.05.2026,05.05.2026,04.05.2026,STE,EUR,320.00,29.09,38.40
2050,NB40634,NOSHOW,29.05.2026,30.05.2026,29.05.2026,SUP,EUR,165.00,15.00,19.80
2050,NB40637,OK,22.05.2026,29.05.2026,22.05.2026,STE,EUR,307.00,27.91,36.84
2050,NB40637,OK,22.05.2026,29.05.2026,23.05.2026,STE,EUR,307.00,27.91,36.84
2050,NB40637,OK,22.05.2026,29.05.2026,24.05.2026,STE,EUR,307.00,27.91,36.84
2050,NB40637,OK,22.05.2026,29.05.2026,25.05.2026,STE,EUR,307.00,27.91,36.84
2050,NB40637,OK,22.05.2026,29.05.2026,26.05.2026,STE,EUR,307.00,27.91,36.84
2050,NB40637,OK,22.05.2026,29.05.2026,27.05.2026,STE,EUR,307.00,27.91,36.84
2050,NB40637,OK,22.05.2026,29.05.2026,28.05.2026,STE,EUR,307.00,27.91,36.84
2050,NB40640,OUT,27.05.2026,28.05.2026,27.05.2026,STD,EUR,126.00,11.45,15.12
2050,NB40642,OUT,17.04.2026,19.04.2026,17.04.2026,STD,EUR,139.00,12.64,16.68
2050,NB40642,OUT,17.04.2026,19.04.2026,18.04.2026,STD,EUR,139.00,12.64,16.68
2050,NB40645,OK,07.06.2026,09.06.2026,07.06.2026,OLD,EUR,150.00,13.64,18.00
2050,NB40645,OK,07.06.2026,09.06.2026,08.06.2026,OLD,EUR,150.00,13.64,18.00
2050,NB40647,OUT,11.06.2026,15.06.2026,11.06.2026,SUP,EUR,205.00,18.64,24.60
2050,NB40647,OUT,11.06.2026,15.06.2026,12.06.2026,SUP,EUR,205.00,18.64,24.60
2050,NB40647,OUT,11.06.2026,15.06.2026,13.06.2026,SUP,EUR,205.00,18.64,24.60
2050,NB40647,OUT,11.06.2026,15.06.2026,14.06.2026,SUP,EUR,205.00,18.64,24.60
2050,NB40648,OUT,06.06.2026,08.06.2026,06.06.2026,OLD,EUR,150.00,13.64,18.00
2050,NB40648,OUT,06.06.2026,08.06.2026,07.06.2026,OLD,EUR,150.00,13.64,18.00
2050,NB40649,OK,12.05.2026,16.05.2026,12.05.2026,OLD,EUR,150.00,13.64,18.00
2050,NB40649,OK,12.05.2026,16.05.2026,13.05.2026,OLD,EUR,150.00,13.64,18.00
2050,NB40649,OK,12.05.2026,16.05.2026,14.05.2026,OLD,EUR,150.00,13.64,18.00
2050,NB40649,OK,12.05.2026,16.05.2026,15.05.2026,OLD,EUR,150.00,13.64,18.00
2050,NB40651,OUT,05.04.2026,07.04.2026,05.04.2026,STE,EUR,288.00,26.18,34.56
2050,NB40651,OUT,05.04.2026,07.04.2026,06.04.2026,STE,EUR,288.00,26.18,34.56
2050,NB40653,OK,22.06.2026,29.06.2026,22.06.2026,STE,EUR,365.00,33.18,43.80
2050,NB40653,OK,22.06.2026,29.06.2026,23.06.2026,STE,EUR,365.00,33.18,43.80
2050,NB40653,OK,22.06.2026,29.06.2026,24.06.2026,STE,EUR,365.00,33.18,43.80
2050,NB40653,OK,22.06.2026,29.06.2026,25.06.2026,STE,EUR,365.00,33.18,43.80
2050,NB40653,OK,22.06.2026,29.06.2026,26.06.2026,STE,EUR,365.00,33.18,43.80
2050,NB40653,OK,22.06.2026,29.06.2026,27.06.2026,STE,EUR,365.00,33.18,43.80
2050,NB40653,OK,22.06.2026,29.06.2026,28.06.2026,STE,EUR,365.00,33.18,43.80
2050,NB40654,OUT,05.04.2026,08.04.2026,05.04.2026,STE,EUR,378.00,34.36,45.36
2050,NB40654,OUT,05.04.2026,08.04.2026,06.04.2026,STE,EUR,378.00,34.36,45.36
2050,NB40654,OUT,05.04.2026,08.04.2026,07.04.2026,STE,EUR,378.00,34.36,45.36
2050,NB40655,OUT,27.04.2026,28.04.2026,27.04.2026,STE,EUR,339.00,30.82,40.68
2050,NB40657,OUT,05.06.2026,09.06.2026,05.06.2026,OLD,EUR,150.00,13.64,18.00
2050,NB40657,OUT,05.06.2026,09.06.2026,06.06.2026,OLD,EUR,150.00,13.64,18.00
2050,NB40657,OUT,05.06.2026,09.06.2026,07.06.2026,OLD,EUR,150.00,13.64,18.00
2050,NB40657,OUT,05.06.2026,09.06.2026,08.06.2026,OLD,EUR,150.00,13.64,18.00
2050,NB40660,OK,27.05.2026,28.05.2026,27.05.2026,SUP,EUR,152.00,13.82,18.24
2050,NB40661,OK,01.04.2026,02.04.2026,01.04.2026,OLD,EUR,150.00,13.64,18.00
2050,NB40663,OUT,01.04.2026,04.04.2026,01.04.2026,STE,EUR,384.00,34.91,46.08
2050,NB40663,OUT,01.04.2026,04.04.2026,02.04.2026,STE,EUR,384.00,34.91,46.08
2050,NB40663,OUT,01.04.2026,04.04.2026,03.04.2026,STE,EUR,384.00,34.91,46.08
2050,NB40664,OUT,04.05.2026,06.05.2026,04.05.2026,SUP,EUR,226.00,20.55,27.12
2050,NB40664,OUT,04.05.2026,06.05.2026,05.05.2026,SUP,EUR,226.00,20.55,27.12
2050,NB40667,CXL,17.05.2026,18.05.2026,17.05.2026,SUP,EUR,213.00,19.36,25.56
2050,NB40668,OUT,29.05.2026,31.05.2026,29.05.2026,STE,EUR,256.00,23.27,30.72
2050,NB40668,OUT,29.05.2026,31.05.2026,30.05.2026,STE,EUR,256.00,23.27,30.72
2050,NB40669,CXL,25.05.2026,27.05.2026,25.05.2026,STD,EUR,158.00,14.36,18.96
2050,NB40669,CXL,25.05.2026,27.05.2026,26.05.2026,STD,EUR,158.00,14.36,18.96
2050,NB40670,OK,12.05.2026,14.05.2026,12.05.2026,STD,EUR,133.00,12.09,15.96
2050,NB40670,OK,12.05.2026,14.05.2026,13.05.2026,STD,EUR,133.00,12.09,15.96
2050,NB40673,OUT,22.04.2026,24.04.2026,22.04.2026,SUP,EUR,209.00,19.00,25.08
2050,NB40673,OUT,22.04.2026,24.04.2026,23.04.2026,SUP,EUR,209.00,19.00,25.08
2050,NB40676,OUT,01.04.2026,03.04.2026,01.04.2026,STD,EUR,154.00,14.00,18.48
2050,NB40676,OUT,01.04.2026,03.04.2026,02.04.2026,STD,EUR,154.00,14.00,18.48
2050,NB40679,OUT,21.05.2026,28.05.2026,21.05.2026,STE,EUR,330.00,30.00,39.60
2050,NB40679,OUT,21.05.2026,28.05.2026,22.05.2026,STE,EUR,330.00,30.00,39.60
2050,NB40679,OUT,21.05.2026,28.05.2026,23.05.2026,STE,EUR,330.00,30.00,39.60
2050,NB40679,OUT,21.05.2026,28.05.2026,24.05.2026,STE,EUR,330.00,30.00,39.60
2050,NB40679,OUT,21.05.2026,28.05.2026,25.05.2026,STE,EUR,330.00,30.00,39.60
2050,NB40679,OUT,21.05.2026,28.05.2026,26.05.2026,STE,EUR,330.00,30.00,39.60
2050,NB40679,OUT,21.05.2026,28.05.2026,27.05.2026,STE,EUR,330.00,30.00,39.60
2050,NB40680,OUT,19.04.2026,22.04.2026,19.04.2026,STD,EUR,153.00,13.91,18.36
2050,NB40680,OUT,19.04.2026,22.04.2026,20.04.2026,STD,EUR,153.00,13.91,18.36
2050,NB40680,OUT,19.04.2026,22.04.2026,21.04.2026,STD,EUR,153.00,13.91,18.36
2050,NB40682,NOSHOW,03.06.2026,05.06.2026,03.06.2026,STE,EUR,381.00,34.64,45.72
2050,NB40682,NOSHOW,03.06.2026,05.06.2026,04.06.2026,STE,EUR,381.00,34.64,45.72
2050,NB40684,CXL,05.05.2026,12.05.2026,05.05.2026,OLD,EUR,150.00,13.64,18.00
2050,NB40684,CXL,05.05.2026,12.05.2026,06.05.2026,OLD,EUR,150.00,13.64,18.00
2050,NB40684,CXL,05.05.2026,12.05.2026,07.05.2026,OLD,EUR,150.00,13.64,18.00
2050,NB40684,CXL,05.05.2026,12.05.2026,08.05.2026,OLD,EUR,150.00,13.64,18.00
2050,NB40684,CXL,05.05.2026,12.05.2026,09.05.2026,OLD,EUR,150.00,13.64,18.00
2050,NB40684,CXL,05.05.2026,12.05.2026,10.05.2026,OLD,EUR,150.00,13.64,18.00
2050,NB40684,CXL,05.05.2026,12.05.2026,11.05.2026,OLD,EUR,150.00,13.64,18.00
2050,NB40685,OUT,12.06.2026,14.06.2026,12.06.2026,SUP,EUR,171.00,15.55,20.52
2050,NB40685,OUT,12.06.2026,14.06.2026,13.06.2026,SUP,EUR,171.00,15.55,20.52
2050,NB40687,OUT,02.06.2026,09.06.2026,02.06.2026,SUP,EUR,158.00,14.36,18.96
2050,NB40687,OUT,02.06.2026,09.06.2026,03.06.2026,SUP,EUR,158.00,14.36,18.96
2050,NB40687,OUT,02.06.2026,09.06.2026,04.06.2026,SUP,EUR,158.00,14.36,18.96
2050,NB40687,OUT,02.06.2026,09.06.2026,05.06.2026,SUP,EUR,158.00,14.36,18.96
2050,NB40687,OUT,02.06.2026,09.06.2026,06.06.2026,SUP,EUR,158.00,14.36,18.96
2050,NB40687,OUT,02.06.2026,09.06.2026,07.06.2026,SUP,EUR,158.00,14.36,18.96
2050,NB40687,OUT,02.06.2026,09.06.2026,08.06.2026,SUP,EUR,158.00,14.36,18.96
2050,NB40690,OUT,11.04.2026,12.04.2026,11.04.2026,STE,EUR,346.00,31.45,41.52
2050,NB40691,CXL,15.04.2026,16.04.2026,15.04.2026,STD,EUR,150.00,13.64,18.00
2050,NB40692,OK,07.06.2026,10.06.2026,07.06.2026,STD,EUR,154.00,14.00,18.48
2050,NB40692,OK,07.06.2026,10.06.2026,08.06.2026,STD,EUR,154.00,14.00,18.48
2050,NB40692,OK,07.06.2026,10.06.2026,09.06.2026,STD,EUR,154.00,14.00,18.48
2050,NB40695,OUT,10.06.2026,12.06.2026,10.06.2026,OLD,EUR,150.00,13.64,18.00
2050,NB40695,OUT,10.06.2026,12.06.2026,11.06.2026,OLD,EUR,150.00,13.64,18.00
2050,NB40696,OK,28.05.2026,31.05.2026,28.05.2026,STE,EUR,374.00,34.00,44.88
2050,NB40696,OK,28.05.2026,31.05.2026,29.05.2026,STE,EUR,374.00,34.00,44.88
2050,NB40696,OK,28.05.2026,31.05.2026,30.05.2026,STE,EUR,374.00,34.00,44.88
2050,NB40697,OUT,24.06.2026,27.06.2026,24.06.2026,STE,EUR,355.00,32.27,42.60
2050,NB40697,OUT,24.06.2026,27.06.2026,25.06.2026,STE,EUR,355.00,32.27,42.60
2050,NB40697,OUT,24.06.2026,27.06.2026,26.06.2026,STE,EUR,355.00,32.27,42.60
2050,NB40699,OK,24.06.2026,25.06.2026,24.06.2026,STD,EUR,125.00,11.36,15.00
2050,NB40700,CXL,14.06.2026,16.06.2026,14.06.2026,OLD,EUR,150.00,13.64,18.00
2050,NB40700,CXL,14.06.2026,16.06.2026,15.06.2026,OLD,EUR,150.00,13.64,18.00
2050,NB40703,OK,20.04.2026,24.04.2026,20.04.2026,STE,EUR,365.00,33.18,43.80
2050,NB40703,OK,20.04.2026,24.04.2026,21.04.2026,STE,EUR,365.00,33.18,43.80
2050,NB40703,OK,20.04.2026,24.04.2026,22.04.2026,STE,EUR,365.00,33.18,43.80
2050,NB40703,OK,20.04.2026,24.04.2026,23.04.2026,STE,EUR,365.00,33.18,43.80
2050,NB40704,OUT,06.06.2026,07.06.2026,06.06.2026,SUP,EUR,196.00,17.82,23.52
2050,NB40705,OK,10.05.2026,12.05.2026,10.05.2026,OLD,EUR,150.00,13.64,18.00
2050,NB40705,OK,10.05.2026,12.05.2026,11.05.2026,OLD,EUR,150.00,13.64,18.00
2050,NB40708,OUT,08.04.2026,10.04.2026,08.04.2026,SUP,EUR,165.00,15.00,19.80
2050,NB40708,OUT,08.04.2026,10.04.2026,09.04.2026,SUP,EUR,165.00,15.00,19.80
2050,NB40711,CXL,17.05.2026,21.05.2026,17.05.2026,STE,EUR,304.00,27.64,36.48
2050,NB40711,CXL,17.05.2026,21.05.2026,18.05.2026,STE,EUR,304.00,27.64,36.48
2050,NB40711,CXL,17.05.2026,21.05.2026,19.05.2026,STE,EUR,304.00,27.64,36.48
2050,NB40711,CXL,17.05.2026,21.05.2026,20.05.2026,STE,EUR,304.00,27.64,36.48
2050,NB40713,OUT,30.04.2026,07.05.2026,01.05.2026,SUP,EUR,219.00,19.91,26.28
2050,NB40713,OUT,30.04.2026,07.05.2026,02.05.2026,SUP,EUR,219.00,19.91,26.28
2050,NB40713,OUT,30.04.2026,07.05.2026,03.05.2026,SUP,EUR,219.00,19.91,26.28
2050,NB40713,OUT,30.04.2026,07.05.2026,04.05.2026,SUP,EUR,219.00,19.91,26.28
2050,NB40713,OUT,30.04.2026,07.05.2026,05.05.2026,SUP,EUR,219.00,19.91,26.28
2050,NB40713,OUT,30.04.2026,07.05.2026,06.05.2026,SUP,EUR,219.00,19.91,26.28
2050,NB40713,OUT,30.04.2026,07.05.2026,30.04.2026,SUP,EUR,219.00,19.91,26.28
2050,NB40715,CXL,13.05.2026,17.05.2026,13.05.2026,OLD,EUR,150.00,13.64,18.00
2050,NB40715,CXL,13.05.2026,17.05.2026,14.05.2026,OLD,EUR,150.00,13.64,18.00
2050,NB40715,CXL,13.05.2026,17.05.2026,15.05.2026,OLD,EUR,150.00,13.64,18.00
2050,NB40715,CXL,13.05.2026,17.05.2026,16.05.2026,OLD,EUR,150.00,13.64,18.00
2050,NB40718,OUT,25.04.2026,26.04.2026,25.04.2026,STE,EUR,259.00,23.55,31.08
2050,NB40719,OUT,16.04.2026,18.04.2026,16.04.2026,STD,EUR,126.00,11.45,15.12
2050,NB40719,OUT,16.04.2026,18.04.2026,17.04.2026,STD,EUR,126.00,11.45,15.12
2050,NB40720,OUT,05.05.2026,12.05.2026,05.05.2026,STD,EUR,140.00,12.73,16.80
2050,NB40720,OUT,05.05.2026,12.05.2026,06.05.2026,STD,EUR,140.00,12.73,16.80
2050,NB40720,OUT,05.05.2026,12.05.2026,07.05.2026,STD,EUR,140.00,12.73,16.80
2050,NB40720,OUT,05.05.2026,12.05.2026,08.05.2026,STD,EUR,140.00,12.73,16.80
2050,NB40720,OUT,05.05.2026,12.05.2026,09.05.2026,STD,EUR,140.00,12.73,16.80
2050,NB40720,OUT,05.05.2026,12.05.2026,10.05.2026,STD,EUR,140.00,12.73,16.80
2050,NB40720,OUT,05.05.2026,12.05.2026,11.05.2026,STD,EUR,140.00,12.73,16.80
2050,NB40723,OUT,20.04.2026,24.04.2026,20.04.2026,OLD,EUR,150.00,13.64,18.00
2050,NB40723,OUT,20.04.2026,24.04.2026,21.04.2026,OLD,EUR,150.00,13.64,18.00
2050,NB40723,OUT,20.04.2026,24.04.2026,22.04.2026,OLD,EUR,150.00,13.64,18.00
2050,NB40723,OUT,20.04.2026,24.04.2026,23.04.2026,OLD,EUR,150.00,13.64,18.00
2050,NB40724,NOSHOW,18.05.2026,19.05.2026,18.05.2026,OLD,EUR,150.00,13.64,18.00
2050,NB40726,OK,14.06.2026,18.06.2026,14.06.2026,STD,EUR,126.00,11.45,15.12
2050,NB40726,OK,14.06.2026,18.06.2026,15.06.2026,STD,EUR,126.00,11.45,15.12
2050,NB40726,OK,14.06.2026,18.06.2026,16.06.2026,STD,EUR,126.00,11.45,15.12
2050,NB40726,OK,14.06.2026,18.06.2026,17.06.2026,STD,EUR,126.00,11.45,15.12
2050,NB40727,OUT,09.04.2026,10.04.2026,09.04.2026,STE,EUR,288.00,26.18,34.56
2050,NB40730,OK,31.05.2026,01.06.2026,31.05.2026,STE,EUR,278.00,25.27,33.36
2050,NB40732,OUT,09.05.2026,16.05.2026,09.05.2026,OLD,EUR,150.00,13.64,18.00
2050,NB40732,OUT,09.05.2026,16.05.2026,10.05.2026,OLD,EUR,150.00,13.64,18.00
2050,NB40732,OUT,09.05.2026,16.05.2026,11.05.2026,OLD,EUR,150.00,13.64,18.00
2050,NB40732,OUT,09.05.2026,16.05.2026,12.05.2026,OLD,EUR,150.00,13.64,18.00
2050,NB40732,OUT,09.05.2026,16.05.2026,13.05.2026,OLD,EUR,150.00,13.64,18.00
2050,NB40732,OUT,09.05.2026,16.05.2026,14.05.2026,OLD,EUR,150.00,13.64,18.00
2050,NB40732,OUT,09.05.2026,16.05.2026,15.05.2026,OLD,EUR,150.00,13.64,18.00
2050,NB40734,OUT,24.04.2026,25.04.2026,24.04.2026,OLD,EUR,150.00,13.64,18.00
2050,NB40737,CXL,16.05.2026,17.05.2026,16.05.2026,SUP,EUR,162.00,14.73,19.44
2050,NB40740,OK,24.04.2026,26.04.2026,24.04.2026,SUP,EUR,171.00,15.55,20.52
2050,NB40740,OK,24.04.2026,26.04.2026,25.04.2026,SUP,EUR,171.00,15.55,20.52
2050,NB40743,OUT,19.06.2026,20.06.2026,19.06.2026,SUP,EUR,198.00,18.00,23.76
2050,NB40744,OK,21.06.2026,25.06.2026,21.06.2026,OLD,EUR,150.00,13.64,18.00
2050,NB40744,OK,21.06.2026,25.06.2026,22.06.2026,OLD,EUR,150.00,13.64,18.00
2050,NB40744,OK,21.06.2026,25.06.2026,23.06.2026,OLD,EUR,150.00,13.64,18.00
2050,NB40744,OK,21.06.2026,25.06.2026,24.06.2026,OLD,EUR,150.00,13.64,18.00
2050,NB40745,OK,31.05.2026,01.06.2026,31.05.2026,OLD,EUR,150.00,13.64,18.00
2050,NB40746,OUT,01.04.2026,08.04.2026,01.04.2026,OLD,EUR,150.00,13.64,18.00
2050,NB40746,OUT,01.04.2026,08.04.2026,02.04.2026,OLD,EUR,150.00,13.64,18.00
2050,NB40746,OUT,01.04.2026,08.04.2026,03.04.2026,OLD,EUR,150.00,13.64,18.00
2050,NB40746,OUT,01.04.2026,08.04.2026,04.04.2026,OLD,EUR,150.00,13.64,18.00
2050,NB40746,OUT,01.04.2026,08.04.2026,05.04.2026,OLD,EUR,150.00,13.64,18.00
2050,NB40746,OUT,01.04.2026,08.04.2026,06.04.2026,OLD,EUR,150.00,13.64,18.00
2050,NB40746,OUT,01.04.2026,08.04.2026,07.04.2026,OLD,EUR,150.00,13.64,18.00
2050,NB40747,CXL,21.06.2026,23.06.2026,21.06.2026,STE,EUR,320.00,29.09,38.40
2050,NB40747,CXL,21.06.2026,23.06.2026,22.06.2026,STE,EUR,320.00,29.09,38.40
2050,NB40748,OUT,28.06.2026,29.06.2026,28.06.2026,STD,EUR,161.00,14.64,19.32
2050,NB40749,NOSHOW,03.06.2026,04.06.2026,03.06.2026,OLD,EUR,150.00,13.64,18.00
2050,NB40750,OK,17.04.2026,18.04.2026,17.04.2026,OLD,EUR,150.00,13.64,18.00
2050,NB40751,OK,19.06.2026,23.06.2026,19.06.2026,STD,EUR,140.00,12.73,16.80
2050,NB40751,OK,19.06.2026,23.06.2026,20.06.2026,STD,EUR,140.00,12.73,16.80
2050,NB40751,OK,19.06.2026,23.06.2026,21.06.2026,STD,EUR,140.00,12.73,16.80
2050,NB40751,OK,19.06.2026,23.06.2026,22.06.2026,STD,EUR,140.00,12.73,16.80
2050,NB40752,OK,23.06.2026,30.06.2026,23.06.2026,STE,EUR,291.00,26.45,34.92
2050,NB40752,OK,23.06.2026,30.06.2026,24.06.2026,STE,EUR,291.00,26.45,34.92
2050,NB40752,OK,23.06.2026,30.06.2026,25.06.2026,STE,EUR,291.00,26.45,34.92
2050,NB40752,OK,23.06.2026,30.06.2026,26.06.2026,STE,EUR,291.00,26.45,34.92
2050,NB40752,OK,23.06.2026,30.06.2026,27.06.2026,STE,EUR,291.00,26.45,34.92
2050,NB40752,OK,23.06.2026,30.06.2026,28.06.2026,STE,EUR,291.00,26.45,34.92
2050,NB40752,OK,23.06.2026,30.06.2026,29.06.2026,STE,EUR,291.00,26.45,34.92
2050,NB40755,OK,27.04.2026,28.04.2026,27.04.2026,OLD,EUR,150.00,13.64,18.00
2050,NB40758,OUT,28.06.2026,29.06.2026,28.06.2026,STD,EUR,122.00,11.09,14.64
2050,NB40759,OK,12.05.2026,15.05.2026,12.05.2026,STD,EUR,153.00,13.91,18.36
2050,NB40759,OK,12.05.2026,15.05.2026,13.05.2026,STD,EUR,153.00,13.91,18.36
2050,NB40759,OK,12.05.2026,15.05.2026,14.05.2026,STD,EUR,153.00,13.91,18.36
2050,NB40762,OK,06.05.2026,07.05.2026,06.05.2026,OLD,EUR,150.00,13.64,18.00
2050,NB40764,OUT,11.05.2026,14.05.2026,11.05.2026,STE,EUR,298.00,27.09,35.76
2050,NB40764,OUT,11.05.2026,14.05.2026,12.05.2026,STE,EUR,298.00,27.09,35.76
2050,NB40764,OUT,11.05.2026,14.05.2026,13.05.2026,STE,EUR,298.00,27.09,35.76
2050,NB40767,NOSHOW,14.06.2026,16.06.2026,14.06.2026,STE,EUR,336.00,30.55,40.32
2050,NB40767,NOSHOW,14.06.2026,16.06.2026,15.06.2026,STE,EUR,336.00,30.55,40.32
2050,NB40770,OK,25.04.2026,26.04.2026,25.04.2026,OLD,EUR,150.00,13.64,18.00
2050,NB40772,OUT,03.04.2026,05.04.2026,03.04.2026,STD,EUR,116.00,10.55,13.92
2050,NB40772,OUT,03.04.2026,05.04.2026,04.04.2026,STD,EUR,116.00,10.55,13.92
2050,NB40774,OUT,07.05.2026,09.05.2026,07.05.2026,STD,EUR,160.00,14.55,19.20
2050,NB40774,OUT,07.05.2026,09.05.2026,08.05.2026,STD,EUR,160.00,14.55,19.20
2050,NB40775,OUT,15.06.2026,17.06.2026,15.06.2026,OLD,EUR,150.00,13.64,18.00
2050,NB40775,OUT,15.06.2026,17.06.2026,16.06.2026,OLD,EUR,150.00,13.64,18.00
2050,NB40777,OK,07.05.2026,11.05.2026,07.05.2026,STD,EUR,167.00,15.18,20.04
2050,NB40777,OK,07.05.2026,11.05.2026,08.05.2026,STD,EUR,167.00,15.18,20.04
2050,NB40777,OK,07.05.2026,11.05.2026,09.05.2026,STD,EUR,167.00,15.18,20.04
2050,NB40777,OK,07.05.2026,11.05.2026,10.05.2026,STD,EUR,167.00,15.18,20.04
2050,NB40778,OK,01.06.2026,03.06.2026,01.06.2026,STD,EUR,167.00,15.18,20.04
2050,NB40778,OK,01.06.2026,03.06.2026,02.06.2026,STD,EUR,167.00,15.18,20.04
2050,NB40780,OUT,29.05.2026,05.06.2026,01.06.2026,SUP,EUR,163.00,14.82,19.56
2050,NB40780,OUT,29.05.2026,05.06.2026,02.06.2026,SUP,EUR,163.00,14.82,19.56
2050,NB40780,OUT,29.05.2026,05.06.2026,03.06.2026,SUP,EUR,163.00,14.82,19.56
2050,NB40780,OUT,29.05.2026,05.06.2026,04.06.2026,SUP,EUR,163.00,14.82,19.56
2050,NB40780,OUT,29.05.2026,05.06.2026,29.05.2026,SUP,EUR,163.00,14.82,19.56
2050,NB40780,OUT,29.05.2026,05.06.2026,30.05.2026,SUP,EUR,163.00,14.82,19.56
2050,NB40780,OUT,29.05.2026,05.06.2026,31.05.2026,SUP,EUR,163.00,14.82,19.56
2050,NB40782,OUT,26.05.2026,28.05.2026,26.05.2026,STD,EUR,144.00,13.09,17.28
2050,NB40782,OUT,26.05.2026,28.05.2026,27.05.2026,STD,EUR,144.00,13.09,17.28
2050,NB40783,OK,18.06.2026,21.06.2026,18.06.2026,STE,EUR,288.00,26.18,34.56
2050,NB40783,OK,18.06.2026,21.06.2026,19.06.2026,STE,EUR,288.00,26.18,34.56
2050,NB40783,OK,18.06.2026,21.06.2026,20.06.2026,STE,EUR,288.00,26.18,34.56
2050,NB40785,OUT,02.04.2026,03.04.2026,02.04.2026,SUP,EUR,177.00,16.09,21.24
2050,NB40786,OUT,15.06.2026,16.06.2026,15.06.2026,OLD,EUR,150.00,13.64,18.00
2050,NB40789,OUT,29.05.2026,01.06.2026,29.05.2026,SUP,EUR,205.00,18.64,24.60
2050,NB40789,OUT,29.05.2026,01.06.2026,30.05.2026,SUP,EUR,205.00,18.64,24.60
2050,NB40789,OUT,29.05.2026,01.06.2026,31.05.2026,SUP,EUR,205.00,18.64,24.60
2050,NB40792,CXL,26.06.2026,30.06.2026,26.06.2026,STD,EUR,134.00,12.18,16.08
2050,NB40792,CXL,26.06.2026,30.06.2026,27.06.2026,STD,EUR,134.00,12.18,16.08
2050,NB40792,CXL,26.06.2026,30.06.2026,28.06.2026,STD,EUR,134.00,12.18,16.08
2050,NB40792,CXL,26.06.2026,30.06.2026,29.06.2026,STD,EUR,134.00,12.18,16.08
2050,NB40795,OK,27.05.2026,31.05.2026,27.05.2026,STD,EUR,136.00,12.36,16.32
2050,NB40795,OK,27.05.2026,31.05.2026,28.05.2026,STD,EUR,136.00,12.36,16.32
2050,NB40795,OK,27.05.2026,31.05.2026,29.05.2026,STD,EUR,136.00,12.36,16.32
2050,NB40795,OK,27.05.2026,31.05.2026,30.05.2026,STD,EUR,136.00,12.36,16.32
2050,NB40797,CXL,02.05.2026,04.05.2026,02.05.2026,SUP,EUR,171.00,15.55,20.52
2050,NB40797,CXL,02.05.2026,04.05.2026,03.05.2026,SUP,EUR,171.00,15.55,20.52
2050,NB40800,OK,29.04.2026,06.05.2026,01.05.2026,SUP,EUR,200.00,18.18,24.00
2050,NB40800,OK,29.04.2026,06.05.2026,02.05.2026,SUP,EUR,200.00,18.18,24.00
2050,NB40800,OK,29.04.2026,06.05.2026,03.05.2026,SUP,EUR,200.00,18.18,24.00
2050,NB40800,OK,29.04.2026,06.05.2026,04.05.2026,SUP,EUR,200.00,18.18,24.00
2050,NB40800,OK,29.04.2026,06.05.2026,05.05.2026,SUP,EUR,200.00,18.18,24.00
2050,NB40800,OK,29.04.2026,06.05.2026,29.04.2026,SUP,EUR,200.00,18.18,24.00
2050,NB40800,OK,29.04.2026,06.05.2026,30.04.2026,SUP,EUR,200.00,18.18,24.00
2050,NB40801,OK,20.06.2026,21.06.2026,20.06.2026,SUP,EUR,186.00,16.91,22.32
2050,NB40804,OUT,04.04.2026,05.04.2026,04.04.2026,STD,EUR,151.00,13.73,18.12
2050,NB40805,CXL,20.05.2026,23.05.2026,20.05.2026,OLD,EUR,150.00,13.64,18.00
2050,NB40805,CXL,20.05.2026,23.05.2026,21.05.2026,OLD,EUR,150.00,13.64,18.00
2050,NB40805,CXL,20.05.2026,23.05.2026,22.05.2026,OLD,EUR,150.00,13.64,18.00
2050,NB40806,OK,30.04.2026,07.05.2026,01.05.2026,STE,EUR,275.00,25.00,33.00
2050,NB40806,OK,30.04.2026,07.05.2026,02.05.2026,STE,EUR,275.00,25.00,33.00
2050,NB40806,OK,30.04.2026,07.05.2026,03.05.2026,STE,EUR,275.00,25.00,33.00
2050,NB40806,OK,30.04.2026,07.05.2026,04.05.2026,STE,EUR,275.00,25.00,33.00
2050,NB40806,OK,30.04.2026,07.05.2026,05.05.2026,STE,EUR,275.00,25.00,33.00
2050,NB40806,OK,30.04.2026,07.05.2026,06.05.2026,STE,EUR,275.00,25.00,33.00
2050,NB40806,OK,30.04.2026,07.05.2026,30.04.2026,STE,EUR,275.00,25.00,33.00
2050,NB40808,OUT,22.04.2026,26.04.2026,22.04.2026,STE,EUR,326.00,29.64,39.12
2050,NB40808,OUT,22.04.2026,26.04.2026,23.04.2026,STE,EUR,326.00,29.64,39.12
2050,NB40808,OUT,22.04.2026,26.04.2026,24.04.2026,STE,EUR,326.00,29.64,39.12
2050,NB40808,OUT,22.04.2026,26.04.2026,25.04.2026,STE,EUR,326.00,29.64,39.12
2050,NB40809,OK,16.06.2026,17.06.2026,16.06.2026,OLD,EUR,150.00,13.64,18.00
2050,NB40811,OK,15.05.2026,17.05.2026,15.05.2026,SUP,EUR,224.00,20.36,26.88
2050,NB40811,OK,15.05.2026,17.05.2026,16.05.2026,SUP,EUR,224.00,20.36,26.88
2050,NB40814,CXL,22.06.2026,24.06.2026,22.06.2026,STD,EUR,125.00,11.36,15.00
2050,NB40814,CXL,22.06.2026,24.06.2026,23.06.2026,STD,EUR,125.00,11.36,15.00
2050,NB40816,OUT,07.06.2026,09.06.2026,07.06.2026,OLD,EUR,150.00,13.64,18.00
2050,NB40816,OUT,07.06.2026,09.06.2026,08.06.2026,OLD,EUR,150.00,13.64,18.00
2050,NB40819,CXL,06.06.2026,10.06.2026,06.06.2026,STD,EUR,155.00,14.09,18.60
2050,NB40819,CXL,06.06.2026,10.06.2026,07.06.2026,STD,EUR,155.00,14.09,18.60
2050,NB40819,CXL,06.06.2026,10.06.2026,08.06.2026,STD,EUR,155.00,14.09,18.60
2050,NB40819,CXL,06.06.2026,10.06.2026,09.06.2026,STD,EUR,155.00,14.09,18.60
2050,NB40822,OUT,02.06.2026,09.06.2026,02.06.2026,STD,EUR,136.00,12.36,16.32
2050,NB40822,OUT,02.06.2026,09.06.2026,03.06.2026,STD,EUR,136.00,12.36,16.32
2050,NB40822,OUT,02.06.2026,09.06.2026,04.06.2026,STD,EUR,136.00,12.36,16.32
2050,NB40822,OUT,02.06.2026,09.06.2026,05.06.2026,STD,EUR,136.00,12.36,16.32
2050,NB40822,OUT,02.06.2026,09.06.2026,06.06.2026,STD,EUR,136.00,12.36,16.32
2050,NB40822,OUT,02.06.2026,09.06.2026,07.06.2026,STD,EUR,136.00,12.36,16.32
2050,NB40822,OUT,02.06.2026,09.06.2026,08.06.2026,STD,EUR,136.00,12.36,16.32
2050,NB40825,OK,20.05.2026,22.05.2026,20.05.2026,STD,EUR,130.00,11.82,15.60
2050,NB40825,OK,20.05.2026,22.05.2026,21.05.2026,STD,EUR,130.00,11.82,15.60
2050,NB40828,NOSHOW,27.05.2026,30.05.2026,27.05.2026,STE,EUR,278.00,25.27,33.36
2050,NB40828,NOSHOW,27.05.2026,30.05.2026,28.05.2026,STE,EUR,278.00,25.27,33.36
2050,NB40828,NOSHOW,27.05.2026,30.05.2026,29.05.2026,STE,EUR,278.00,25.27,33.36
2050,NB40831,OUT,04.04.2026,07.04.2026,04.04.2026,OLD,EUR,150.00,13.64,18.00
2050,NB40831,OUT,04.04.2026,07.04.2026,05.04.2026,OLD,EUR,150.00,13.64,18.00
2050,NB40831,OUT,04.04.2026,07.04.2026,06.04.2026,OLD,EUR,150.00,13.64,18.00
2050,NB40832,CXL,10.05.2026,17.05.2026,10.05.2026,STD,EUR,141.00,12.82,16.92
2050,NB40832,CXL,10.05.2026,17.05.2026,11.05.2026,STD,EUR,141.00,12.82,16.92
2050,NB40832,CXL,10.05.2026,17.05.2026,12.05.2026,STD,EUR,141.00,12.82,16.92
2050,NB40832,CXL,10.05.2026,17.05.2026,13.05.2026,STD,EUR,141.00,12.82,16.92
2050,NB40832,CXL,10.05.2026,17.05.2026,14.05.2026,STD,EUR,141.00,12.82,16.92
2050,NB40832,CXL,10.05.2026,17.05.2026,15.05.2026,STD,EUR,141.00,12.82,16.92
2050,NB40832,CXL,10.05.2026,17.05.2026,16.05.2026,STD,EUR,141.00,12.82,16.92
2050,NB40834,OUT,21.04.2026,23.04.2026,21.04.2026,SUP,EUR,171.00,15.55,20.52
2050,NB40834,OUT,21.04.2026,23.04.2026,22.04.2026,SUP,EUR,171.00,15.55,20.52
2050,NB40835,OUT,04.06.2026,11.06.2026,04.06.2026,STD,EUR,130.00,11.82,15.60
2050,NB40835,OUT,04.06.2026,11.06.2026,05.06.2026,STD,EUR,130.00,11.82,15.60
2050,NB40835,OUT,04.06.2026,11.06.2026,06.06.2026,STD,EUR,130.00,11.82,15.60
2050,NB40835,OUT,04.06.2026,11.06.2026,07.06.2026,STD,EUR,130.00,11.82,15.60
2050,NB40835,OUT,04.06.2026,11.06.2026,08.06.2026,STD,EUR,130.00,11.82,15.60
2050,NB40835,OUT,04.06.2026,11.06.2026,09.06.2026,STD,EUR,130.00,11.82,15.60
2050,NB40835,OUT,04.06.2026,11.06.2026,10.06.2026,STD,EUR,130.00,11.82,15.60
2050,NB40837,OUT,20.05.2026,24.05.2026,20.05.2026,STD,EUR,125.00,11.36,15.00
2050,NB40837,OUT,20.05.2026,24.05.2026,21.05.2026,STD,EUR,125.00,11.36,15.00
2050,NB40837,OUT,20.05.2026,24.05.2026,22.05.2026,STD,EUR,125.00,11.36,15.00
2050,NB40837,OUT,20.05.2026,24.05.2026,23.05.2026,STD,EUR,125.00,11.36,15.00
2050,NB40840,NOSHOW,24.05.2026,27.05.2026,24.05.2026,STE,EUR,288.00,26.18,34.56
2050,NB40840,NOSHOW,24.05.2026,27.05.2026,25.05.2026,STE,EUR,288.00,26.18,34.56
2050,NB40840,NOSHOW,24.05.2026,27.05.2026,26.05.2026,STE,EUR,288.00,26.18,34.56
2050,NB40841,OUT,07.05.2026,14.05.2026,07.05.2026,SUP,EUR,179.00,16.27,21.48
2050,NB40841,OUT,07.05.2026,14.05.2026,08.05.2026,SUP,EUR,179.00,16.27,21.48
2050,NB40841,OUT,07.05.2026,14.05.2026,09.05.2026,SUP,EUR,179.00,16.27,21.48
2050,NB40841,OUT,07.05.2026,14.05.2026,10.05.2026,SUP,EUR,179.00,16.27,21.48
2050,NB40841,OUT,07.05.2026,14.05.2026,11.05.2026,SUP,EUR,179.00,16.27,21.48
2050,NB40841,OUT,07.05.2026,14.05.2026,12.05.2026,SUP,EUR,179.00,16.27,21.48
2050,NB40841,OUT,07.05.2026,14.05.2026,13.05.2026,SUP,EUR,179.00,16.27,21.48
2050,NB40842,OUT,17.05.2026,18.05.2026,17.05.2026,OLD,EUR,150.00,13.64,18.00
